item_id,category
create:honeyed_apple,fresh_produce
brewery:hops,non_food
endersdelight:shulker_filet,meat_raw
endersdelight:shulker_mollusk,meat_raw
farmersdelight:apple_pie_slice,baked_sweet
miners_delight:baked_spider_leg,meat_cooked
farmersdelight:bone_broth,soup
farmersdelight:cake_slice,baked_sweet
create:chocolate_glazed_berries,fresh_produce
farmersdelight:chocolate_pie_slice,baked_sweet
endersdelight:chorus_stew,stew
miners_delight:cooked_arthropod,meat_cooked
minecraft:cookie,baked_sweet
farmersdelight:fried_egg,meal
farmersdelight:honey_cookie,baked_sweet
farmersdelight:pumpkin_pie_slice,baked_sweet
farm_and_charm:sausage_with_oat_patty,meal
minecraft:sweet_berries,fresh_produce
farmersdelight:sweet_berry_cheesecake_slice,baked_sweet
farmersdelight:sweet_berry_cookie,baked_sweet
miners_delight:water_cup,non_food
