item_id,mod,kind,craft_steps,thirst,quenched,salty,no_thirst,category,notes,rule,auto
blue_droplets:terracotta_water_bowl,blue_droplets,drink,0,4,5,no,no,water,,manual (fijo por el codigo o por Javier),manual
brewery:beer_barley,brewery,drink,1,1,0,no,no,alcohol,,cat:alcohol>alcohol_light,1/0/no/no
brewery:beer_haley,brewery,drink,1,1,0,no,no,alcohol,,cat:alcohol>alcohol_light,1/0/no/no
brewery:beer_hops,brewery,drink,1,1,0,no,no,alcohol,,cat:alcohol>alcohol_light,1/0/no/no
brewery:beer_nettle,brewery,drink,1,1,0,no,no,alcohol,,cat:alcohol>alcohol_light,1/0/no/no
brewery:beer_oat,brewery,drink,1,1,0,no,no,alcohol,,cat:alcohol>alcohol_light,1/0/no/no
brewery:beer_wheat,brewery,drink,1,1,0,no,no,alcohol,,cat:alcohol>alcohol_light,1/0/no/no
brewery:dumplings,brewery,food,1,0,0,no,no,meal,,cat:meal,0/0/no/no
brewery:fried_chicken,brewery,food,1,0,0,no,no,meat_cooked,,cat:meat_cooked,0/0/no/no
brewery:half_chicken,brewery,food,2,0,0,no,no,meat_cooked,,cat:meat_cooked,0/0/no/no
brewery:mashed_potatoes,brewery,food,0,0,0,no,no,meal,,cat:meal,0/0/no/no
brewery:pork_knuckle,brewery,food,1,0,0,no,no,meat_cooked,,cat:meat_cooked,0/0/no/no
brewery:potato_salad,brewery,food,1,0,0,no,no,meal,,cat:meal,0/0/no/no
brewery:pretzel,brewery,food,2,-2,-2,si,no,salty,,cat:salty salty:medium,-2/-2/si/no
brewery:sausage,brewery,food,1,0,0,no,no,meat_cooked,,cat:meat_cooked,0/0/no/no
brewery:whiskey_ak,brewery,drink,1,-1,-1,si,no,alcohol,,cat:alcohol>alcohol_strong,-1/-1/si/no
brewery:whiskey_carrasconlabel,brewery,drink,1,-1,-1,si,no,alcohol,,cat:alcohol>alcohol_strong,-1/-1/si/no
brewery:whiskey_cristelwalker,brewery,drink,1,-1,-1,si,no,alcohol,,cat:alcohol>alcohol_strong,-1/-1/si/no
brewery:whiskey_highland_hearth,brewery,drink,1,-1,-1,si,no,alcohol,,cat:alcohol>alcohol_strong,-1/-1/si/no
brewery:whiskey_jamesons_malt,brewery,drink,1,-1,-1,si,no,alcohol,,cat:alcohol>alcohol_strong,-1/-1/si/no
brewery:whiskey_jojannik,brewery,drink,1,-1,-1,si,no,alcohol,,cat:alcohol>alcohol_strong,-1/-1/si/no
brewery:whiskey_lilitusinglemalt,brewery,drink,1,-1,-1,si,no,alcohol,,cat:alcohol>alcohol_strong,-1/-1/si/no
brewery:whiskey_maggoallan,brewery,drink,1,-1,-1,si,no,alcohol,,cat:alcohol>alcohol_strong,-1/-1/si/no
brewery:whiskey_smokey_reverie,brewery,drink,1,-1,-1,si,no,alcohol,,cat:alcohol>alcohol_strong,-1/-1/si/no
brewinandchewin:apple_jelly,brewinandchewin,drink,1,0,0,no,no,sweet,,cat:sweet,0/0/no/no
brewinandchewin:beer,brewinandchewin,drink,1,1,0,no,no,alcohol,antes: 10/14,cat:alcohol>alcohol_light,1/0/no/no
brewinandchewin:bloody_mary,brewinandchewin,drink,1,-1,-1,si,no,alcohol,antes: 12/22,cat:alcohol>alcohol_strong,-1/-1/si/no
brewinandchewin:cheesy_pasta,brewinandchewin,food,1,0,0,no,no,meal,,cat:meal,0/0/no/no
brewinandchewin:cocoa_fudge,brewinandchewin,food,4,0,0,no,no,sweet,,cat:sweet,0/0/no/no
brewinandchewin:creamy_onion_soup,brewinandchewin,food,1,3,3,no,no,soup,,cat:soup,3/3/no/no
brewinandchewin:dread_nog,brewinandchewin,drink,1,1,0,no,no,alcohol,antes: 12/22,cat:alcohol>alcohol_light,1/0/no/no
brewinandchewin:egg_grog,brewinandchewin,drink,4,-1,-1,si,no,alcohol,antes: 10/14,cat:alcohol>alcohol_strong,-1/-1/si/no
brewinandchewin:fiery_fondue,brewinandchewin,food,0,2,2,no,no,stew,,cat:stew,2/2/no/no
brewinandchewin:flaxen_cheese_wedge,brewinandchewin,food,0,-1,-1,si,no,salty,,cat:salty salty:light,-1/-1/si/no
brewinandchewin:glittering_grenadine,brewinandchewin,drink,1,1,0,no,no,alcohol,antes: 10/14,cat:alcohol>alcohol_light,1/0/no/no
brewinandchewin:glow_berry_marmalade,brewinandchewin,drink,1,0,0,no,no,sweet,,cat:sweet,0/0/no/no
brewinandchewin:ham_and_cheese_sandwich,brewinandchewin,food,1,0,0,no,no,meal,,cat:meal,0/0/no/no
brewinandchewin:horror_lasagna,brewinandchewin,food,1,0,0,no,no,meal,,cat:meal,0/0/no/no
brewinandchewin:jerky,brewinandchewin,food,1,-3,-3,si,no,salty,,cat:salty salty:strong,-3/-3/si/no
brewinandchewin:kimchi,brewinandchewin,food,1,-2,-2,si,no,salty,,cat:salty salty:medium,-2/-2/si/no
brewinandchewin:kippers,brewinandchewin,food,1,-3,-3,si,no,salty,,cat:salty salty:strong,-3/-3/si/no
brewinandchewin:kombucha,brewinandchewin,drink,1,1,0,no,no,drink_crafted,antes: 14/22,cat:drink_crafted>alcohol_light,1/0/no/no
brewinandchewin:mead,brewinandchewin,drink,1,1,0,no,no,alcohol,antes: 10/14,cat:alcohol>alcohol_light,1/0/no/no
brewinandchewin:pale_jane,brewinandchewin,drink,1,1,0,no,no,alcohol,antes: 12/22,cat:alcohol>alcohol_light,1/0/no/no
brewinandchewin:pickled_pickles,brewinandchewin,food,1,-2,-2,si,no,salty,,cat:salty salty:medium,-2/-2/si/no
brewinandchewin:pizza_slice,brewinandchewin,food,0,0,0,no,no,meal,,cat:meal,0/0/no/no
brewinandchewin:quiche_slice,brewinandchewin,food,0,0,0,no,no,meal,,cat:meal,0/0/no/no
brewinandchewin:red_rum,brewinandchewin,drink,1,-1,-1,si,no,alcohol,antes: 14/22,cat:alcohol>alcohol_strong,-1/-1/si/no
brewinandchewin:rice_wine,brewinandchewin,drink,1,1,0,no,no,alcohol,antes: 10/14,cat:alcohol>alcohol_light,1/0/no/no
brewinandchewin:saccharine_rum,brewinandchewin,drink,1,-1,-1,si,no,alcohol,antes: 12/22,cat:alcohol>alcohol_strong,-1/-1/si/no
brewinandchewin:salty_folly,brewinandchewin,drink,1,1,0,no,no,alcohol,antes: 12/22,cat:alcohol>alcohol_light,1/0/no/no
brewinandchewin:scarlet_cheese_wedge,brewinandchewin,food,0,-1,-1,si,no,salty,,cat:salty salty:light,-1/-1/si/no
brewinandchewin:scarlet_pierogi,brewinandchewin,food,1,0,0,no,no,meal,,cat:meal,0/0/no/no
brewinandchewin:steel_toe_stout,brewinandchewin,drink,1,1,0,no,no,alcohol,antes: 14/22,cat:alcohol>alcohol_light,1/0/no/no
brewinandchewin:strongroot_ale,brewinandchewin,drink,1,1,0,no,no,alcohol,antes: 12/22,cat:alcohol>alcohol_light,1/0/no/no
brewinandchewin:sweet_berry_jam,brewinandchewin,drink,1,0,0,no,no,sweet,,cat:sweet,0/0/no/no
brewinandchewin:vegetable_omelet,brewinandchewin,food,1,0,0,no,no,meal,,cat:meal,0/0/no/no
brewinandchewin:vodka,brewinandchewin,drink,1,-1,-1,si,no,alcohol,antes: 10/14,cat:alcohol>alcohol_strong,-1/-1/si/no
brewinandchewin:withering_dross,brewinandchewin,drink,1,-1,-2,si,no,alcohol,,cat:alcohol>alcohol_light efecto:wither,-1/-2/si/no
cold_sweat:filled_waterskin,cold_sweat,drink,0,6,3,no,no,water,,manual (fijo por el codigo o por Javier),manual
cold_sweat:soul_sprout,cold_sweat,food,0,0,0,no,no,ingredient,,cat:ingredient,0/0/no/no
create:bar_of_chocolate,create,food,0,0,0,no,no,sweet,,cat:sweet,0/0/no/no
create:builders_tea,create,drink,0,3,4,no,no,drink_simple,antes: 12/22,cat:drink_simple>tea,3/4/no/no
create:chocolate_glazed_berries,create,food,0,2,2,no,no,fresh_produce,,cat:fresh_produce>fruit,2/2/no/no
create:honeyed_apple,create,food,0,2,2,no,no,fresh_produce,,cat:fresh_produce>fruit,2/2/no/no
create:sweet_roll,create,food,0,0,0,no,no,baked_sweet,,cat:baked_sweet,0/0/no/no
endersdelight:amberveil_stew,endersdelight,food,1,2,2,no,no,stew,,cat:stew,2/2/no/no
endersdelight:amberveiled_curry,endersdelight,food,1,2,2,no,no,stew,,cat:stew,2/2/no/no
endersdelight:chicken_curry,endersdelight,food,1,2,2,no,no,stew,,cat:stew,2/2/no/no
endersdelight:chorus_juice,endersdelight,food,1,0,0,no,no,ingredient,,cat:ingredient,0/0/no/no
endersdelight:chorus_pie_slice,endersdelight,food,0,0,0,no,no,baked_sweet,,cat:baked_sweet,0/0/no/no
endersdelight:chorus_stew,endersdelight,food,1,2,2,no,no,stew,,cat:stew,2/2/no/no
endersdelight:crawling_sandwich,endersdelight,food,1,0,0,no,no,meal,,cat:meal,0/0/no/no
endersdelight:crispy_skewer,endersdelight,food,1,0,0,no,no,meat_cooked,,cat:meat_cooked,0/0/no/no
endersdelight:ender_paella,endersdelight,food,1,2,2,no,no,stew,,cat:stew,2/2/no/no
endersdelight:endermite_stew,endersdelight,food,1,2,2,no,no,stew,,cat:stew,2/2/no/no
endersdelight:mite_crust,endersdelight,food,0,0,0,no,no,meal,,cat:meal,0/0/no/no
endersdelight:pearl_pasta,endersdelight,food,1,0,0,no,no,meal,,cat:meal,0/0/no/no
endersdelight:shulker_filet,endersdelight,food,0,0,0,no,no,meat_raw,,cat:meat_raw,0/0/no/no
endersdelight:shulker_mollusk,endersdelight,food,0,0,0,no,no,meat_raw,,cat:meat_raw,0/0/no/no
endersdelight:steak_fries,endersdelight,food,1,-2,-2,si,no,salty,,cat:salty salty:medium,-2/-2/si/no
endersdelight:strange_eclair,endersdelight,food,1,0,0,no,no,baked_sweet,,cat:baked_sweet,0/0/no/no
endersdelight:stuffed_shulker_bowl,endersdelight,food,0,0,0,no,no,meal,,cat:meal,0/0/no/no
endersdelight:twisted_cereal,endersdelight,food,1,0,0,no,no,dry,,cat:dry,0/0/no/no
endersdelight:uncanny_cookies,endersdelight,food,1,0,0,no,no,baked_sweet,,cat:baked_sweet,0/0/no/no
endersdelight:veil_of_flames_risotto,endersdelight,food,1,2,2,no,no,stew,,cat:stew,2/2/no/no
extradelight:aebleflaesk,extradelight,food,1,0,0,no,no,meal,,cat:meal,0/0/no/no
extradelight:affogato,extradelight,food,2,0,0,no,no,sweet,,cat:sweet,0/0/no/no
extradelight:aglio_e_olio,extradelight,food,1,0,0,no,no,meal,,cat:meal,0/0/no/no
extradelight:aioli_jar_item,extradelight,drink,1,0,0,no,no,non_food,,cat:non_food,0/0/no/no
extradelight:alfredo_sauce,extradelight,food,1,0,0,no,no,ingredient,,cat:ingredient,0/0/no/no
extradelight:apple_cheesecake_slice,extradelight,food,0,0,0,no,no,baked_sweet,,cat:baked_sweet,0/0/no/no
extradelight:apple_chips,extradelight,food,1,0,0,no,no,dry,,cat:dry,0/0/no/no
extradelight:apple_cookie,extradelight,food,2,0,0,no,no,baked_sweet,,cat:baked_sweet,0/0/no/no
extradelight:apple_cookie_dough,extradelight,food,1,0,0,no,no,ingredient,,cat:ingredient,0/0/no/no
extradelight:apple_crisp,extradelight,food,0,0,0,no,no,baked_sweet,,cat:baked_sweet,0/0/no/no
extradelight:apple_custard,extradelight,food,1,1,1,no,no,sweet,,cat:sweet>moist_dessert,1/1/no/no
extradelight:apple_fritters,extradelight,food,1,0,0,no,no,baked_sweet,,cat:baked_sweet,0/0/no/no
extradelight:apple_ice_cream,extradelight,food,1,0,0,no,no,sweet,,cat:sweet,0/0/no/no
extradelight:apple_milkshake,extradelight,drink,1,2,2,no,no,drink_crafted,,cat:drink_crafted>thick,2/2/no/no
extradelight:apple_popsicle,extradelight,food,0,3,3,no,no,sweet,,cat:sweet>frozen,3/3/no/no
extradelight:apple_sauce,extradelight,food,1,0,0,no,no,ingredient,,cat:ingredient,0/0/no/no
extradelight:apple_slaw,extradelight,food,1,0,0,no,no,meal,,cat:meal,0/0/no/no
extradelight:bacon_cheeseburger,extradelight,food,1,0,0,no,no,meal,,cat:meal,0/0/no/no
extradelight:bacon_egg_cheese_sandwich,extradelight,food,1,0,0,no,no,meal,,cat:meal,0/0/no/no
extradelight:bacon_egg_pie_slice,extradelight,food,0,0,0,no,no,meal,,cat:meal,0/0/no/no
extradelight:bacon_egg_sandwich,extradelight,food,1,0,0,no,no,meal,,cat:meal,0/0/no/no
extradelight:bad_food,extradelight,food,0,0,0,no,no,non_food,,cat:non_food,0/0/no/no
extradelight:baked_alaska_serving,extradelight,food,0,0,0,no,no,baked_sweet,,cat:baked_sweet,0/0/no/no
extradelight:baked_cod_serving,extradelight,food,0,0,0,no,no,meal,,cat:meal,0/0/no/no
extradelight:bbq_jar_item,extradelight,drink,1,0,0,no,no,non_food,,cat:non_food,0/0/no/no
extradelight:bbq_ribs,extradelight,food,0,0,0,no,no,meat_cooked,,cat:meat_cooked,0/0/no/no
extradelight:beef_bulgogi,extradelight,food,1,0,0,no,no,meal,,cat:meal,0/0/no/no
extradelight:beef_stew_rice,extradelight,food,0,2,2,no,no,stew,,cat:stew,2/2/no/no
extradelight:beef_wellington,extradelight,food,0,0,0,no,no,meal,,cat:meal,0/0/no/no
extradelight:beet_mint_salad,extradelight,food,1,0,0,no,no,meal,,cat:meal,0/0/no/no
extradelight:black_forest_trifle,extradelight,food,0,0,0,no,no,sweet,,cat:sweet,0/0/no/no
extradelight:blondie,extradelight,food,0,0,0,no,no,sweet,,cat:sweet,0/0/no/no
extradelight:blood_chocolate_bar,extradelight,food,0,0,0,no,no,sweet,,cat:sweet,0/0/no/no
extradelight:blood_chocolate_chips,extradelight,food,0,0,0,no,no,sweet,,cat:sweet,0/0/no/no
extradelight:blood_chocolate_dipped_apple_slice,extradelight,food,0,0,0,no,no,sweet,,cat:sweet,0/0/no/no
extradelight:blood_chocolate_dipped_bacon,extradelight,food,0,0,0,no,no,meal,,cat:meal,0/0/no/no
extradelight:blood_chocolate_dipped_coffee_bean,extradelight,food,0,0,0,no,no,sweet,,cat:sweet,0/0/no/no
extradelight:blood_chocolate_dipped_glow_berry,extradelight,food,0,0,0,no,no,sweet,,cat:sweet,0/0/no/no
extradelight:blood_chocolate_dipped_graham_cracker,extradelight,food,0,0,0,no,no,sweet,,cat:sweet,0/0/no/no
extradelight:blood_chocolate_dipped_marshmallow,extradelight,food,0,0,0,no,no,sweet,,cat:sweet,0/0/no/no
extradelight:blood_chocolate_dipped_sweet_berry,extradelight,food,0,0,0,no,no,sweet,,cat:sweet,0/0/no/no
extradelight:blood_chocolate_filled_bar,extradelight,food,1,0,0,no,no,sweet,,cat:sweet,0/0/no/no
extradelight:blood_chocolate_syrup_bottle,extradelight,food,1,0,0,no,no,ingredient,,cat:ingredient,0/0/no/no
extradelight:blood_chocolate_truffle,extradelight,food,1,0,0,no,no,sweet,,cat:sweet,0/0/no/no
extradelight:boiled_egg,extradelight,food,0,0,0,no,no,meal,,cat:meal,0/0/no/no
extradelight:borscht,extradelight,food,1,3,3,no,no,soup,,cat:soup,3/3/no/no
extradelight:bread_slice,extradelight,food,0,0,0,no,no,dry,,cat:dry,0/0/no/no
extradelight:breadcrumbs,extradelight,food,0,0,0,no,no,dry,,cat:dry,0/0/no/no
extradelight:brownie,extradelight,food,0,0,0,no,no,baked_sweet,,cat:baked_sweet,0/0/no/no
extradelight:bruschetta,extradelight,food,0,0,0,no,no,meal,,cat:meal,0/0/no/no
extradelight:butter,extradelight,food,3,0,0,no,no,ingredient,,cat:ingredient,0/0/no/no
extradelight:buttered_pasta,extradelight,food,3,0,0,no,no,meal,,cat:meal,0/0/no/no
extradelight:butterscotch,extradelight,food,2,0,0,no,no,sweet,,cat:sweet,0/0/no/no
extradelight:cactus,extradelight,food,0,2,2,no,no,fresh_produce,,cat:fresh_produce,2/2/no/no
extradelight:cactus_eggs,extradelight,food,2,0,0,no,no,meal,,cat:meal,0/0/no/no
extradelight:cactus_juice,extradelight,drink,1,3,4,no,no,drink_simple,,cat:drink_simple>juice,3/4/no/no
extradelight:cactus_salad,extradelight,food,1,0,0,no,no,meal,,cat:meal,0/0/no/no
extradelight:cactus_soup,extradelight,food,1,3,3,no,no,soup,,cat:soup,3/3/no/no
extradelight:candied_citrus_zest,extradelight,food,1,0,0,no,no,sweet,,cat:sweet,0/0/no/no
extradelight:candied_ginger,extradelight,food,1,0,0,no,no,sweet,,cat:sweet,0/0/no/no
extradelight:candy_apple,extradelight,food,1,0,0,no,no,sweet,,cat:sweet,0/0/no/no
extradelight:candy_bar_salad,extradelight,food,1,0,0,no,no,meal,,cat:meal,0/0/no/no
extradelight:candy_black,extradelight,food,2,0,0,no,no,sweet,,cat:sweet,0/0/no/no
extradelight:candy_blue,extradelight,food,2,0,0,no,no,sweet,,cat:sweet,0/0/no/no
extradelight:candy_brown,extradelight,food,2,0,0,no,no,sweet,,cat:sweet,0/0/no/no
extradelight:candy_cane_blue,extradelight,food,2,0,0,no,no,sweet,,cat:sweet,0/0/no/no
extradelight:candy_cane_green,extradelight,food,2,0,0,no,no,sweet,,cat:sweet,0/0/no/no
extradelight:candy_cane_red,extradelight,food,2,0,0,no,no,sweet,,cat:sweet,0/0/no/no
extradelight:candy_cyan,extradelight,food,2,0,0,no,no,sweet,,cat:sweet,0/0/no/no
extradelight:candy_golden_apple,extradelight,food,1,0,0,no,no,sweet,,cat:sweet,0/0/no/no
extradelight:candy_gray,extradelight,food,2,0,0,no,no,sweet,,cat:sweet,0/0/no/no
extradelight:candy_green,extradelight,food,2,0,0,no,no,sweet,,cat:sweet,0/0/no/no
extradelight:candy_light_blue,extradelight,food,2,0,0,no,no,sweet,,cat:sweet,0/0/no/no
extradelight:candy_light_gray,extradelight,food,2,0,0,no,no,sweet,,cat:sweet,0/0/no/no
extradelight:candy_lime,extradelight,food,2,0,0,no,no,sweet,,cat:sweet,0/0/no/no
extradelight:candy_magenta,extradelight,food,2,0,0,no,no,sweet,,cat:sweet,0/0/no/no
extradelight:candy_orange,extradelight,food,2,0,0,no,no,sweet,,cat:sweet,0/0/no/no
extradelight:candy_pink,extradelight,food,2,0,0,no,no,sweet,,cat:sweet,0/0/no/no
extradelight:candy_purple,extradelight,food,2,0,0,no,no,sweet,,cat:sweet,0/0/no/no
extradelight:candy_red,extradelight,food,2,0,0,no,no,sweet,,cat:sweet,0/0/no/no
extradelight:candy_white,extradelight,food,2,0,0,no,no,sweet,,cat:sweet,0/0/no/no
extradelight:candy_yellow,extradelight,food,2,0,0,no,no,sweet,,cat:sweet,0/0/no/no
extradelight:caramel_apple,extradelight,food,1,0,0,no,no,sweet,,cat:sweet,0/0/no/no
extradelight:caramel_candy,extradelight,food,2,0,0,no,no,sweet,,cat:sweet,0/0/no/no
extradelight:caramel_cheescake_slice,extradelight,food,0,0,0,no,no,sweet,,cat:sweet,0/0/no/no
extradelight:caramel_chicken,extradelight,food,1,0,0,no,no,meal,,cat:meal,0/0/no/no
extradelight:caramel_custard,extradelight,food,1,1,1,no,no,sweet,,cat:sweet>moist_dessert,1/1/no/no
extradelight:caramel_golden_apple,extradelight,food,1,0,0,no,no,sweet,,cat:sweet,0/0/no/no
extradelight:caramel_popcorn,extradelight,food,1,-2,-2,si,no,salty,,cat:salty salty:medium,-2/-2/si/no
extradelight:caramel_popsicle,extradelight,food,2,3,3,no,no,sweet,,cat:sweet>frozen,3/3/no/no
extradelight:caramel_sauce,extradelight,food,1,0,0,no,no,ingredient,,cat:ingredient,0/0/no/no
extradelight:carrot_salad,extradelight,food,1,0,0,no,no,meal,,cat:meal,0/0/no/no
extradelight:carrot_soup,extradelight,food,1,3,3,no,no,soup,,cat:soup,3/3/no/no
extradelight:charcuterie_board,extradelight,food,0,0,0,no,no,meal,,cat:meal,0/0/no/no
extradelight:cheese,extradelight,food,2,-1,-1,si,no,salty,,cat:salty salty:light,-1/-1/si/no
extradelight:cheese_sandwich,extradelight,food,2,0,0,no,no,meal,,cat:meal,0/0/no/no
extradelight:cheese_souffle,extradelight,food,1,0,0,no,no,meal,,cat:meal,0/0/no/no
extradelight:cheeseburger,extradelight,food,1,0,0,no,no,meal,,cat:meal,0/0/no/no
extradelight:cheeseburger_pickle,extradelight,food,1,0,0,no,no,meal,,cat:meal,0/0/no/no
extradelight:cheesecake_slice,extradelight,food,0,0,0,no,no,baked_sweet,,cat:baked_sweet,0/0/no/no
extradelight:cheesy_garlic_bread,extradelight,food,1,0,0,no,no,dry,,cat:dry,0/0/no/no
extradelight:cheesymite_scroll,extradelight,food,0,0,0,no,no,meal,,cat:meal,0/0/no/no
extradelight:chicken_alfredo,extradelight,food,2,0,0,no,no,meal,,cat:meal,0/0/no/no
extradelight:chicken_fried_steak,extradelight,food,1,0,0,no,no,meat_cooked,,cat:meat_cooked,0/0/no/no
extradelight:chicken_kiev,extradelight,food,1,0,0,no,no,meal,,cat:meal,0/0/no/no
extradelight:chicken_parm,extradelight,food,1,0,0,no,no,meal,,cat:meal,0/0/no/no
extradelight:chicken_stew,extradelight,food,0,2,2,no,no,stew,,cat:stew,2/2/no/no
extradelight:chicken_stew_rice,extradelight,food,0,2,2,no,no,stew,,cat:stew,2/2/no/no
extradelight:chili,extradelight,food,0,2,2,no,no,fresh_produce,,cat:fresh_produce,2/2/no/no
extradelight:chili_cheese_cornbread_muffin,extradelight,food,1,0,0,no,no,meal,,cat:meal,0/0/no/no
extradelight:chili_con_carne,extradelight,food,0,0,0,no,no,meal,,cat:meal,0/0/no/no
extradelight:chocolate_cake,extradelight,food,0,0,0,no,no,baked_sweet,,cat:baked_sweet,0/0/no/no
extradelight:chocolate_cheesecake_slice,extradelight,food,0,0,0,no,no,baked_sweet,,cat:baked_sweet,0/0/no/no
extradelight:chocolate_chip_cookie_dough,extradelight,food,1,0,0,no,no,ingredient,,cat:ingredient,0/0/no/no
extradelight:chocolate_cookie,extradelight,food,2,0,0,no,no,baked_sweet,,cat:baked_sweet,0/0/no/no
extradelight:chocolate_cookie_dough,extradelight,food,1,0,0,no,no,ingredient,,cat:ingredient,0/0/no/no
extradelight:chocolate_custard,extradelight,food,1,1,1,no,no,sweet,,cat:sweet>moist_dessert,1/1/no/no
extradelight:chocolate_ice_cream,extradelight,food,1,0,0,no,no,sweet,,cat:sweet,0/0/no/no
extradelight:chocolate_milk,extradelight,drink,1,3,3,no,no,drink_crafted,,cat:drink_crafted>milk,3/3/no/no
extradelight:chocolate_milkshake,extradelight,drink,1,2,2,no,no,drink_crafted,,cat:drink_crafted>thick,2/2/no/no
extradelight:chocolate_mousse,extradelight,food,1,1,1,no,no,sweet,,cat:sweet>moist_dessert,1/1/no/no
extradelight:chocolate_orange,extradelight,food,1,0,0,no,no,sweet,,cat:sweet,0/0/no/no
extradelight:christmas_pudding,extradelight,food,0,1,1,no,no,sweet,,cat:sweet>moist_dessert,1/1/no/no
extradelight:cinnamon_popsicle,extradelight,food,1,3,3,no,no,sweet,,cat:sweet>frozen,3/3/no/no
extradelight:cinnamon_rolls,extradelight,food,0,0,0,no,no,baked_sweet,,cat:baked_sweet,0/0/no/no
extradelight:cinnamon_toast,extradelight,food,1,0,0,no,no,dry,,cat:dry,0/0/no/no
extradelight:citrus_onion_salad,extradelight,food,1,0,0,no,no,meal,,cat:meal,0/0/no/no
extradelight:coffee,extradelight,drink,1,2,2,no,no,drink_crafted,,cat:drink_crafted>coffee,2/2/no/no
extradelight:coffee_beans,extradelight,food,0,0,0,no,no,ingredient,,cat:ingredient,0/0/no/no
extradelight:coffee_cake_slice,extradelight,food,0,0,0,no,no,baked_sweet,,cat:baked_sweet,0/0/no/no
extradelight:coffee_cherries,extradelight,food,0,0,0,no,no,ingredient,,cat:ingredient,0/0/no/no
extradelight:coffee_jelly,extradelight,food,2,0,0,no,no,sweet,,cat:sweet,0/0/no/no
extradelight:congee,extradelight,food,1,2,2,no,no,stew,,cat:stew,2/2/no/no
extradelight:cooked_cactus,extradelight,food,1,0,0,no,no,meal,,cat:meal,0/0/no/no
extradelight:cooked_corn,extradelight,food,1,0,0,no,no,meal,,cat:meal,0/0/no/no
extradelight:cooked_pasta,extradelight,food,3,0,0,no,no,meal,,cat:meal,0/0/no/no
extradelight:cooked_soybeans_item,extradelight,food,0,0,0,no,no,ingredient,,cat:ingredient,0/0/no/no
extradelight:cooked_wheat_seeds,extradelight,food,1,0,0,no,no,ingredient,,cat:ingredient,0/0/no/no
extradelight:cookie_dough_ice_cream,extradelight,food,2,0,0,no,no,sweet,,cat:sweet,0/0/no/no
extradelight:cookie_dough_milkshake,extradelight,drink,2,3,3,no,no,drink_crafted,,cat:drink_crafted>thick steps2:+1,3/3/no/no
extradelight:corn_chowder,extradelight,food,1,3,3,no,no,soup,,cat:soup,3/3/no/no
extradelight:corn_flakes,extradelight,food,0,0,0,no,no,dry,,cat:dry,0/0/no/no
extradelight:corn_flakes_cereal,extradelight,food,1,0,0,no,no,dry,,cat:dry,0/0/no/no
extradelight:corn_fritters,extradelight,food,1,0,0,no,no,baked_sweet,,cat:baked_sweet,0/0/no/no
extradelight:corn_pudding,extradelight,food,0,1,1,no,no,sweet,,cat:sweet>moist_dessert,1/1/no/no
extradelight:cornbread,extradelight,food,0,0,0,no,no,meal,,cat:meal,0/0/no/no
extradelight:crackers,extradelight,food,1,0,0,no,no,dry,,cat:dry,0/0/no/no
extradelight:cream_corn,extradelight,food,1,0,0,no,no,sweet,,cat:sweet,0/0/no/no
extradelight:crisp_rice,extradelight,food,2,0,0,no,no,dry,,cat:dry,0/0/no/no
extradelight:crisp_rice_cereal,extradelight,food,1,0,0,no,no,dry,,cat:dry,0/0/no/no
extradelight:crisp_rice_treat,extradelight,food,0,0,0,no,no,sweet,,cat:sweet,0/0/no/no
extradelight:croque_madame,extradelight,food,1,0,0,no,no,meal,,cat:meal,0/0/no/no
extradelight:croque_monsieur,extradelight,food,4,0,0,no,no,meal,,cat:meal,0/0/no/no
extradelight:croutons,extradelight,food,0,0,0,no,no,meal,,cat:meal,0/0/no/no
extradelight:cucumber,extradelight,food,0,2,2,no,no,fresh_produce,,cat:fresh_produce>fruit,2/2/no/no
extradelight:cucumber_salad,extradelight,food,1,0,0,no,no,meal,,cat:meal,0/0/no/no
extradelight:curry,extradelight,food,0,2,2,no,no,stew,,cat:stew,2/2/no/no
extradelight:curry_rice,extradelight,food,0,2,2,no,no,stew,,cat:stew,2/2/no/no
extradelight:currywurst,extradelight,food,1,0,0,no,no,meal,,cat:meal,0/0/no/no
extradelight:dalgona_coffee,extradelight,drink,1,2,2,no,no,drink_crafted,,cat:drink_crafted>coffee,2/2/no/no
extradelight:dark_chocolate_bar,extradelight,food,0,0,0,no,no,sweet,,cat:sweet,0/0/no/no
extradelight:dark_chocolate_chips,extradelight,food,0,0,0,no,no,sweet,,cat:sweet,0/0/no/no
extradelight:dark_chocolate_dipped_apple_slice,extradelight,food,0,0,0,no,no,sweet,,cat:sweet,0/0/no/no
extradelight:dark_chocolate_dipped_bacon,extradelight,food,0,0,0,no,no,meal,,cat:meal,0/0/no/no
extradelight:dark_chocolate_dipped_coffee_bean,extradelight,food,0,0,0,no,no,sweet,,cat:sweet,0/0/no/no
extradelight:dark_chocolate_dipped_glow_berry,extradelight,food,0,0,0,no,no,sweet,,cat:sweet,0/0/no/no
extradelight:dark_chocolate_dipped_graham_cracker,extradelight,food,0,0,0,no,no,sweet,,cat:sweet,0/0/no/no
extradelight:dark_chocolate_dipped_marshmallow,extradelight,food,0,0,0,no,no,sweet,,cat:sweet,0/0/no/no
extradelight:dark_chocolate_dipped_sweet_berry,extradelight,food,0,0,0,no,no,sweet,,cat:sweet,0/0/no/no
extradelight:dark_chocolate_filled_bar,extradelight,food,1,0,0,no,no,sweet,,cat:sweet,0/0/no/no
extradelight:dark_chocolate_syrup_bottle,extradelight,food,1,0,0,no,no,ingredient,,cat:ingredient,0/0/no/no
extradelight:dark_chocolate_truffle,extradelight,food,1,0,0,no,no,sweet,,cat:sweet,0/0/no/no
extradelight:devilled_sausages,extradelight,food,1,-2,-2,si,no,salty,,cat:salty salty:medium,-2/-2/si/no
extradelight:dirt_cake,extradelight,food,2,0,0,no,no,baked_sweet,,cat:baked_sweet,0/0/no/no
extradelight:dried_chili,extradelight,food,0,0,0,no,no,ingredient,,cat:ingredient,0/0/no/no
extradelight:dried_fruit,extradelight,food,1,0,0,no,no,dry,,cat:dry,0/0/no/no
extradelight:dynamic_jam,extradelight,food,1,1,1,no,no,sweet,,cat:sweet>moist_dessert,1/1/no/no
extradelight:dynamic_toast,extradelight,food,1,0,0,no,no,dry,,cat:dry,0/0/no/no
extradelight:easter_egg,extradelight,food,0,0,0,no,no,sweet,,cat:sweet,0/0/no/no
extradelight:edamame,extradelight,food,1,0,0,no,no,meal,,cat:meal,0/0/no/no
extradelight:egg_in_the_basket,extradelight,food,1,0,0,no,no,meal,,cat:meal,0/0/no/no
extradelight:egg_salad,extradelight,food,1,0,0,no,no,meal,,cat:meal,0/0/no/no
extradelight:egg_salad_sandwich,extradelight,food,1,0,0,no,no,meal,,cat:meal,0/0/no/no
extradelight:eggnog,extradelight,drink,1,2,2,no,no,drink_crafted,,cat:drink_crafted>thick,2/2/no/no
extradelight:eton_mess,extradelight,food,1,0,0,no,no,sweet,,cat:sweet,0/0/no/no
extradelight:fat_potatoes,extradelight,food,1,2,2,no,no,fresh_produce,,cat:fresh_produce,2/2/no/no
extradelight:fish_cakes,extradelight,food,1,0,0,no,no,meal,,cat:meal,0/0/no/no
extradelight:fish_chips,extradelight,food,2,0,0,no,no,meal,,cat:meal,0/0/no/no
extradelight:fish_salad,extradelight,food,2,0,0,no,no,meal,,cat:meal,0/0/no/no
extradelight:fish_salad_sandwich,extradelight,food,1,0,0,no,no,meal,,cat:meal,0/0/no/no
extradelight:fish_sauce_item,extradelight,food,0,0,0,no,no,meal,,cat:meal,0/0/no/no
extradelight:fish_soup,extradelight,food,1,3,3,no,no,soup,,cat:soup,3/3/no/no
extradelight:fish_stew_rice,extradelight,food,0,2,2,no,no,stew,,cat:stew,2/2/no/no
extradelight:fluffer_nutter,extradelight,food,1,0,0,no,no,sweet,,cat:sweet,0/0/no/no
extradelight:french_fries,extradelight,food,1,-2,-2,si,no,salty,,cat:salty salty:medium,-2/-2/si/no
extradelight:french_toast,extradelight,food,1,0,0,no,no,dry,,cat:dry,0/0/no/no
extradelight:fried_brains,extradelight,food,1,0,0,no,no,meat_cooked,,cat:meat_cooked,0/0/no/no
extradelight:fried_chicken,extradelight,food,1,0,0,no,no,meat_cooked,,cat:meat_cooked,0/0/no/no
extradelight:fried_fish,extradelight,food,1,0,0,no,no,meal,,cat:meal,0/0/no/no
extradelight:fried_mushrooms,extradelight,food,1,0,0,no,no,meal,,cat:meal,0/0/no/no
extradelight:frosting_black,extradelight,food,2,0,0,no,no,sweet,,cat:sweet,0/0/no/no
extradelight:frosting_blue,extradelight,food,2,0,0,no,no,sweet,,cat:sweet,0/0/no/no
extradelight:frosting_brown,extradelight,food,2,0,0,no,no,sweet,,cat:sweet,0/0/no/no
extradelight:frosting_cyan,extradelight,food,2,0,0,no,no,sweet,,cat:sweet,0/0/no/no
extradelight:frosting_gray,extradelight,food,2,0,0,no,no,sweet,,cat:sweet,0/0/no/no
extradelight:frosting_green,extradelight,food,2,0,0,no,no,sweet,,cat:sweet,0/0/no/no
extradelight:frosting_light_blue,extradelight,food,2,0,0,no,no,sweet,,cat:sweet,0/0/no/no
extradelight:frosting_light_gray,extradelight,food,2,0,0,no,no,sweet,,cat:sweet,0/0/no/no
extradelight:frosting_lime,extradelight,food,2,0,0,no,no,sweet,,cat:sweet,0/0/no/no
extradelight:frosting_magenta,extradelight,food,2,0,0,no,no,sweet,,cat:sweet,0/0/no/no
extradelight:frosting_orange,extradelight,food,2,0,0,no,no,sweet,,cat:sweet,0/0/no/no
extradelight:frosting_pink,extradelight,food,2,0,0,no,no,sweet,,cat:sweet,0/0/no/no
extradelight:frosting_purple,extradelight,food,2,0,0,no,no,sweet,,cat:sweet,0/0/no/no
extradelight:frosting_red,extradelight,food,2,0,0,no,no,sweet,,cat:sweet,0/0/no/no
extradelight:frosting_white,extradelight,food,2,0,0,no,no,sweet,,cat:sweet,0/0/no/no
extradelight:frosting_yellow,extradelight,food,2,0,0,no,no,sweet,,cat:sweet,0/0/no/no
extradelight:fruit_bread,extradelight,food,1,0,0,no,no,dry,,cat:dry,0/0/no/no
extradelight:fudge,extradelight,food,0,0,0,no,no,sweet,,cat:sweet,0/0/no/no
extradelight:fudge_popsicle,extradelight,food,1,3,3,no,no,sweet,,cat:sweet>frozen,3/3/no/no
extradelight:furikake_rice,extradelight,food,2,0,0,no,no,meal,,cat:meal,0/0/no/no
extradelight:garlic,extradelight,food,0,2,2,no,no,fresh_produce,,cat:fresh_produce,2/2/no/no
extradelight:garlic_bread,extradelight,food,1,0,0,no,no,dry,,cat:dry,0/0/no/no
extradelight:garlic_clove,extradelight,food,0,0,0,no,no,ingredient,,cat:ingredient,0/0/no/no
extradelight:gazpacho,extradelight,food,1,3,3,no,no,soup,,cat:soup,3/3/no/no
extradelight:gherkin_item,extradelight,food,0,-2,-2,si,no,salty,,cat:salty salty:medium,-2/-2/si/no
extradelight:ginger,extradelight,food,0,0,0,no,no,ingredient,,cat:ingredient,0/0/no/no
extradelight:ginger_beer,extradelight,drink,1,1,0,no,no,drink_crafted,,cat:drink_crafted>alcohol_light,1/0/no/no
extradelight:gingerbread_alex,extradelight,food,3,0,0,no,no,baked_sweet,,cat:baked_sweet,0/0/no/no
extradelight:gingerbread_cookie,extradelight,food,2,0,0,no,no,baked_sweet,,cat:baked_sweet,0/0/no/no
extradelight:gingerbread_cookie_dough,extradelight,food,1,0,0,no,no,ingredient,,cat:ingredient,0/0/no/no
extradelight:gingerbread_creeper,extradelight,food,3,0,0,no,no,baked_sweet,,cat:baked_sweet,0/0/no/no
extradelight:gingerbread_diamond,extradelight,food,3,0,0,no,no,baked_sweet,,cat:baked_sweet,0/0/no/no
extradelight:gingerbread_emerald,extradelight,food,3,0,0,no,no,baked_sweet,,cat:baked_sweet,0/0/no/no
extradelight:gingerbread_pickaxe,extradelight,food,3,0,0,no,no,baked_sweet,,cat:baked_sweet,0/0/no/no
extradelight:gingerbread_steve,extradelight,food,3,0,0,no,no,baked_sweet,,cat:baked_sweet,0/0/no/no
extradelight:gingerbread_sword,extradelight,food,3,0,0,no,no,baked_sweet,,cat:baked_sweet,0/0/no/no
extradelight:gingerbread_villager,extradelight,food,3,0,0,no,no,baked_sweet,,cat:baked_sweet,0/0/no/no
extradelight:glazed_carrot,extradelight,food,1,1,1,no,no,fresh_produce,,cat:fresh_produce>crisp_veg,1/1/no/no
extradelight:glow_berry_cheesecake_slice,extradelight,food,0,0,0,no,no,baked_sweet,,cat:baked_sweet,0/0/no/no
extradelight:glow_berry_cookie,extradelight,food,2,0,0,no,no,baked_sweet,,cat:baked_sweet,0/0/no/no
extradelight:glow_berry_cookie_dough,extradelight,food,1,0,0,no,no,ingredient,,cat:ingredient,0/0/no/no
extradelight:glow_berry_ice_cream,extradelight,food,1,0,0,no,no,sweet,,cat:sweet,0/0/no/no
extradelight:glow_berry_juice,extradelight,drink,1,3,4,no,no,drink_simple,,cat:drink_simple>juice,3/4/no/no
extradelight:glow_berry_milkshake,extradelight,drink,1,2,2,no,no,drink_crafted,,cat:drink_crafted>thick,2/2/no/no
extradelight:glow_berry_pie_slice,extradelight,food,0,0,0,no,no,baked_sweet,,cat:baked_sweet,0/0/no/no
extradelight:glow_berry_popsicle,extradelight,food,0,3,3,no,no,sweet,,cat:sweet>frozen,3/3/no/no
extradelight:gourmet_hot_chocolate,extradelight,drink,1,2,3,no,no,drink_crafted,,cat:drink_crafted,2/3/no/no
extradelight:graham_cracker,extradelight,food,1,0,0,no,no,dry,,cat:dry,0/0/no/no
extradelight:grapefruit,extradelight,food,0,2,2,no,no,fresh_produce,,cat:fresh_produce>fruit,2/2/no/no
extradelight:grapefruit_beetroot_salad,extradelight,food,1,0,0,no,no,meal,,cat:meal,0/0/no/no
extradelight:grapefruit_juice,extradelight,drink,3,4,5,no,no,drink_simple,,cat:drink_simple>juice steps3:+1,4/5/no/no
extradelight:grapefruit_sorbet,extradelight,food,2,3,3,no,no,sweet,,cat:sweet>frozen,3/3/no/no
extradelight:grasshopper_pie_slice,extradelight,food,0,0,0,no,no,baked_sweet,,cat:baked_sweet,0/0/no/no
extradelight:grated_carrot,extradelight,food,0,1,1,no,no,fresh_produce,,cat:fresh_produce>crisp_veg,1/1/no/no
extradelight:grated_garlic,extradelight,food,0,0,0,no,no,ingredient,,cat:ingredient,0/0/no/no
extradelight:grated_ginger,extradelight,food,0,0,0,no,no,ingredient,,cat:ingredient,0/0/no/no
extradelight:grated_potato,extradelight,food,0,2,2,no,no,fresh_produce,,cat:fresh_produce,2/2/no/no
extradelight:green_coffee,extradelight,food,0,0,0,no,no,ingredient,,cat:ingredient,0/0/no/no
extradelight:grilled_cheese,extradelight,food,3,0,0,no,no,meal,,cat:meal,0/0/no/no
extradelight:grilled_corn_on_cob,extradelight,food,0,2,2,no,no,fresh_produce,,cat:fresh_produce,2/2/no/no
extradelight:grilled_grapefruit,extradelight,food,1,2,2,no,no,fresh_produce,,cat:fresh_produce>fruit,2/2/no/no
extradelight:gummies,extradelight,food,2,0,0,no,no,sweet,,cat:sweet,0/0/no/no
extradelight:haggis,extradelight,food,0,0,0,no,no,meal,,cat:meal,0/0/no/no
extradelight:hash,extradelight,food,0,0,0,no,no,meal,,cat:meal,0/0/no/no
extradelight:hashbrowns,extradelight,food,1,0,0,no,no,meal,,cat:meal,0/0/no/no
extradelight:hazelnut_soup,extradelight,food,1,3,3,no,no,soup,,cat:soup,3/3/no/no
extradelight:hazelnut_spread_bottle,extradelight,food,2,0,0,no,no,ingredient,,cat:ingredient,0/0/no/no
extradelight:hazelnuts,extradelight,food,0,0,0,no,no,ingredient,,cat:ingredient,0/0/no/no
extradelight:honey_cheesecake_slice,extradelight,food,0,0,0,no,no,baked_sweet,,cat:baked_sweet,0/0/no/no
extradelight:honey_chili_chicken,extradelight,food,1,0,0,no,no,meal,,cat:meal,0/0/no/no
extradelight:honey_cookie_dough,extradelight,food,1,0,0,no,no,ingredient,,cat:ingredient,0/0/no/no
extradelight:honey_custard,extradelight,food,1,1,1,no,no,sweet,,cat:sweet>moist_dessert,1/1/no/no
extradelight:honey_ice_cream,extradelight,food,2,0,0,no,no,sweet,,cat:sweet,0/0/no/no
extradelight:honey_milkshake,extradelight,drink,3,3,3,no,no,drink_crafted,,cat:drink_crafted>thick steps3:+1,3/3/no/no
extradelight:honey_popsicle,extradelight,food,2,3,3,no,no,sweet,,cat:sweet>frozen,3/3/no/no
extradelight:horchata,extradelight,drink,1,2,3,no,no,drink_crafted,,cat:drink_crafted,2/3/no/no
extradelight:hot_sauce_item,extradelight,food,0,0,0,no,no,ingredient,,cat:ingredient,0/0/no/no
extradelight:hot_wings,extradelight,food,1,0,0,no,no,meat_cooked,,cat:meat_cooked,0/0/no/no
extradelight:hotdish,extradelight,food,0,0,0,no,no,meal,,cat:meal,0/0/no/no
extradelight:ice_cream,extradelight,food,2,0,0,no,no,sweet,,cat:sweet,0/0/no/no
extradelight:ice_cream_sundae,extradelight,food,1,0,0,no,no,sweet,,cat:sweet,0/0/no/no
extradelight:ice_cubes,extradelight,food,0,0,0,no,no,ingredient,,cat:ingredient,0/0/no/no
extradelight:jaffa_cake,extradelight,food,1,0,0,no,no,baked_sweet,,cat:baked_sweet,0/0/no/no
extradelight:jalapeno_popper,extradelight,food,1,0,0,no,no,meal,,cat:meal,0/0/no/no
extradelight:jalapeno_stuffed_potato,extradelight,food,1,0,0,no,no,meal,,cat:meal,0/0/no/no
extradelight:jelly_black,extradelight,food,0,0,0,no,no,sweet,,cat:sweet,0/0/no/no
extradelight:jelly_blue,extradelight,food,0,0,0,no,no,sweet,,cat:sweet,0/0/no/no
extradelight:jelly_brown,extradelight,food,0,0,0,no,no,sweet,,cat:sweet,0/0/no/no
extradelight:jelly_cyan,extradelight,food,0,0,0,no,no,sweet,,cat:sweet,0/0/no/no
extradelight:jelly_green,extradelight,food,0,0,0,no,no,sweet,,cat:sweet,0/0/no/no
extradelight:jelly_grey,extradelight,food,0,0,0,no,no,sweet,,cat:sweet,0/0/no/no
extradelight:jelly_light_blue,extradelight,food,0,0,0,no,no,sweet,,cat:sweet,0/0/no/no
extradelight:jelly_light_grey,extradelight,food,0,0,0,no,no,sweet,,cat:sweet,0/0/no/no
extradelight:jelly_lime,extradelight,food,0,0,0,no,no,sweet,,cat:sweet,0/0/no/no
extradelight:jelly_magenta,extradelight,food,0,0,0,no,no,sweet,,cat:sweet,0/0/no/no
extradelight:jelly_orange,extradelight,food,0,0,0,no,no,sweet,,cat:sweet,0/0/no/no
extradelight:jelly_pink,extradelight,food,0,0,0,no,no,sweet,,cat:sweet,0/0/no/no
extradelight:jelly_purple,extradelight,food,0,0,0,no,no,sweet,,cat:sweet,0/0/no/no
extradelight:jelly_red,extradelight,food,0,0,0,no,no,sweet,,cat:sweet,0/0/no/no
extradelight:jelly_white,extradelight,food,0,0,0,no,no,sweet,,cat:sweet,0/0/no/no
extradelight:jelly_yellow,extradelight,food,0,0,0,no,no,sweet,,cat:sweet,0/0/no/no
extradelight:jerky,extradelight,food,1,-3,-3,si,no,salty,,cat:salty salty:strong,-3/-3/si/no
extradelight:ketchup_jar_item,extradelight,drink,1,0,0,no,no,non_food,,cat:non_food,0/0/no/no
extradelight:key_lime_pie_slice,extradelight,food,0,0,0,no,no,baked_sweet,,cat:baked_sweet,0/0/no/no
extradelight:kimchi_fried_rice,extradelight,food,1,0,0,no,no,meal,,cat:meal,0/0/no/no
extradelight:kimchi_item,extradelight,food,0,-2,-2,si,no,salty,,cat:salty salty:medium,-2/-2/si/no
extradelight:kiwiburger,extradelight,food,1,0,0,no,no,meal,,cat:meal,0/0/no/no
extradelight:kongjang,extradelight,food,1,0,0,no,no,meal,,cat:meal,0/0/no/no
extradelight:kyiv_cake_slice,extradelight,food,0,0,0,no,no,baked_sweet,,cat:baked_sweet,0/0/no/no
extradelight:lamb_stew,extradelight,food,0,2,2,no,no,stew,,cat:stew,2/2/no/no
extradelight:lamb_stew_rice,extradelight,food,0,2,2,no,no,stew,,cat:stew,2/2/no/no
extradelight:lasanga,extradelight,food,0,0,0,no,no,meal,,cat:meal,0/0/no/no
extradelight:lava_cake,extradelight,food,1,0,0,no,no,baked_sweet,,cat:baked_sweet,0/0/no/no
extradelight:lemon,extradelight,food,0,2,2,no,no,fresh_produce,,cat:fresh_produce>fruit,2/2/no/no
extradelight:lemon_cucumber_cake_slice,extradelight,food,0,0,0,no,no,baked_sweet,,cat:baked_sweet,0/0/no/no
extradelight:lemon_curd,extradelight,food,1,0,0,no,no,sweet,,cat:sweet,0/0/no/no
extradelight:lemon_delicious,extradelight,food,1,0,0,no,no,sweet,,cat:sweet,0/0/no/no
extradelight:lemon_juice,extradelight,drink,3,4,5,no,no,drink_simple,,cat:drink_simple>juice steps3:+1,4/5/no/no
extradelight:lemon_meringue_pie_slice,extradelight,food,0,0,0,no,no,baked_sweet,,cat:baked_sweet,0/0/no/no
extradelight:lemon_posset,extradelight,food,1,0,0,no,no,sweet,,cat:sweet,0/0/no/no
extradelight:lemonade,extradelight,drink,1,3,4,no,no,drink_simple,,cat:drink_simple>juice,3/4/no/no
extradelight:lime,extradelight,food,0,2,2,no,no,fresh_produce,,cat:fresh_produce>fruit,2/2/no/no
extradelight:lime_juice,extradelight,drink,3,4,5,no,no,drink_simple,,cat:drink_simple>juice steps3:+1,4/5/no/no
extradelight:lime_souffle,extradelight,food,1,0,0,no,no,sweet,,cat:sweet,0/0/no/no
extradelight:limeade,extradelight,drink,1,3,4,no,no,drink_simple,,cat:drink_simple>juice,3/4/no/no
extradelight:liver_onions,extradelight,food,1,0,0,no,no,meal,,cat:meal,0/0/no/no
extradelight:lugaw,extradelight,food,1,0,0,no,no,meal,,cat:meal,0/0/no/no
extradelight:macaroni_cheese,extradelight,food,0,0,0,no,no,meal,,cat:meal,0/0/no/no
extradelight:mallow_cup,extradelight,food,4,0,0,no,no,sweet,,cat:sweet,0/0/no/no
extradelight:marshmallow,extradelight,food,1,0,0,no,no,sweet,,cat:sweet,0/0/no/no
extradelight:marshmallow_fluff_bottle,extradelight,food,3,0,0,no,no,ingredient,,cat:ingredient,0/0/no/no
extradelight:marshmallow_slice,extradelight,food,0,0,0,no,no,sweet,,cat:sweet,0/0/no/no
extradelight:mashed_potato_gravy,extradelight,food,0,0,0,no,no,meal,,cat:meal,0/0/no/no
extradelight:mashed_soybeans_item,extradelight,food,0,0,0,no,no,ingredient,,cat:ingredient,0/0/no/no
extradelight:mayo_jar_item,extradelight,drink,1,0,0,no,no,non_food,,cat:non_food,0/0/no/no
extradelight:meat_pie_slice,extradelight,food,0,0,0,no,no,meal,,cat:meal,0/0/no/no
extradelight:meatloaf,extradelight,food,0,0,0,no,no,meal,,cat:meal,0/0/no/no
extradelight:meatloaf_sandwich,extradelight,food,0,0,0,no,no,meal,,cat:meal,0/0/no/no
extradelight:melon_fruit_salad_serving,extradelight,food,0,0,0,no,no,meal,,cat:meal,0/0/no/no
extradelight:melon_gazpacho,extradelight,food,1,3,3,no,no,soup,,cat:soup,3/3/no/no
extradelight:melon_layer_cake_slice,extradelight,food,0,0,0,no,no,baked_sweet,,cat:baked_sweet,0/0/no/no
extradelight:melon_lime_glazed_chicken,extradelight,food,1,0,0,no,no,meal,,cat:meal,0/0/no/no
extradelight:melon_rind,extradelight,food,0,4,4,no,no,fresh_produce,,cat:fresh_produce>melon,4/4/no/no
extradelight:melon_rind_stirfry,extradelight,food,1,0,0,no,no,meal,,cat:meal,0/0/no/no
extradelight:meringue,extradelight,food,2,0,0,no,no,sweet,,cat:sweet,0/0/no/no
extradelight:milk_chocolate_bar,extradelight,food,0,0,0,no,no,sweet,,cat:sweet,0/0/no/no
extradelight:milk_chocolate_chips,extradelight,food,0,0,0,no,no,sweet,,cat:sweet,0/0/no/no
extradelight:milk_chocolate_dipped_apple_slice,extradelight,food,0,0,0,no,no,sweet,,cat:sweet,0/0/no/no
extradelight:milk_chocolate_dipped_bacon,extradelight,food,0,0,0,no,no,meal,,cat:meal,0/0/no/no
extradelight:milk_chocolate_dipped_coffee_bean,extradelight,food,0,0,0,no,no,sweet,,cat:sweet,0/0/no/no
extradelight:milk_chocolate_dipped_glow_berry,extradelight,food,0,0,0,no,no,sweet,,cat:sweet,0/0/no/no
extradelight:milk_chocolate_dipped_graham_cracker,extradelight,food,0,0,0,no,no,sweet,,cat:sweet,0/0/no/no
extradelight:milk_chocolate_dipped_marshmallow,extradelight,food,0,0,0,no,no,sweet,,cat:sweet,0/0/no/no
extradelight:milk_chocolate_dipped_sweet_berry,extradelight,food,0,0,0,no,no,sweet,,cat:sweet,0/0/no/no
extradelight:milk_chocolate_filled_bar,extradelight,food,1,0,0,no,no,sweet,,cat:sweet,0/0/no/no
extradelight:milk_chocolate_syrup_bottle,extradelight,food,1,0,0,no,no,ingredient,,cat:ingredient,0/0/no/no
extradelight:milk_chocolate_truffle,extradelight,food,1,0,0,no,no,sweet,,cat:sweet,0/0/no/no
extradelight:milk_tart_slice,extradelight,food,0,0,0,no,no,baked_sweet,,cat:baked_sweet,0/0/no/no
extradelight:milkshake,extradelight,drink,3,3,3,no,no,drink_crafted,,cat:drink_crafted>thick steps3:+1,3/3/no/no
extradelight:mint_candy_blue,extradelight,food,1,0,0,no,no,sweet,,cat:sweet,0/0/no/no
extradelight:mint_candy_green,extradelight,food,1,0,0,no,no,sweet,,cat:sweet,0/0/no/no
extradelight:mint_candy_red,extradelight,food,1,0,0,no,no,sweet,,cat:sweet,0/0/no/no
extradelight:mint_chip_ice_cream,extradelight,food,1,0,0,no,no,sweet,,cat:sweet,0/0/no/no
extradelight:mint_chip_milkshake,extradelight,drink,1,2,2,no,no,drink_crafted,,cat:drink_crafted>thick,2/2/no/no
extradelight:mint_lamb,extradelight,food,0,0,0,no,no,meal,,cat:meal,0/0/no/no
extradelight:miso_paste_item,extradelight,food,0,0,0,no,no,ingredient,,cat:ingredient,0/0/no/no
extradelight:miso_soup,extradelight,food,1,3,3,no,no,soup,,cat:soup,3/3/no/no
extradelight:mississippi_mud_pie_slice,extradelight,food,0,0,0,no,no,baked_sweet,,cat:baked_sweet,0/0/no/no
extradelight:monkey_bread,extradelight,food,0,0,0,no,no,dry,,cat:dry,0/0/no/no
extradelight:morkovcha,extradelight,food,1,0,0,no,no,meal,,cat:meal,0/0/no/no
extradelight:muffin_apple,extradelight,food,1,0,0,no,no,baked_sweet,,cat:baked_sweet,0/0/no/no
extradelight:muffin_cinnamon,extradelight,food,1,0,0,no,no,baked_sweet,,cat:baked_sweet,0/0/no/no
extradelight:muffin_ginger,extradelight,food,1,0,0,no,no,baked_sweet,,cat:baked_sweet,0/0/no/no
extradelight:muffin_sweet_berry,extradelight,food,1,0,0,no,no,baked_sweet,,cat:baked_sweet,0/0/no/no
extradelight:mulligatawny_soup,extradelight,food,1,3,3,no,no,soup,,cat:soup,3/3/no/no
extradelight:mushroom_burger,extradelight,food,1,0,0,no,no,meal,,cat:meal,0/0/no/no
extradelight:mushroom_risotto,extradelight,food,1,2,2,no,no,stew,,cat:stew,2/2/no/no
extradelight:naem_moo_item,extradelight,food,0,0,0,no,no,meal,,cat:meal,0/0/no/no
extradelight:natto_and_rice,extradelight,food,1,0,0,no,no,meal,,cat:meal,0/0/no/no
extradelight:natto_item,extradelight,food,0,0,0,no,no,ingredient,,cat:ingredient,0/0/no/no
extradelight:nougat,extradelight,food,1,0,0,no,no,sweet,,cat:sweet,0/0/no/no
extradelight:nut_butter_cookie,extradelight,food,2,0,0,no,no,baked_sweet,,cat:baked_sweet,0/0/no/no
extradelight:nut_butter_cookie_dough,extradelight,food,1,0,0,no,no,ingredient,,cat:ingredient,0/0/no/no
extradelight:nut_butter_custard,extradelight,food,1,1,1,no,no,sweet,,cat:sweet>moist_dessert,1/1/no/no
extradelight:nut_butter_ice_cream,extradelight,food,2,0,0,no,no,sweet,,cat:sweet,0/0/no/no
extradelight:nut_butter_milkshake,extradelight,drink,3,3,3,no,no,drink_crafted,,cat:drink_crafted>thick steps3:+1,3/3/no/no
extradelight:omelette,extradelight,food,2,0,0,no,no,meal,,cat:meal,0/0/no/no
extradelight:onion_bhaji,extradelight,food,1,0,0,no,no,meal,,cat:meal,0/0/no/no
extradelight:onion_soup,extradelight,food,1,3,3,no,no,soup,,cat:soup,3/3/no/no
extradelight:orange,extradelight,food,0,2,2,no,no,fresh_produce,,cat:fresh_produce>fruit,2/2/no/no
extradelight:orange_chicken,extradelight,food,1,0,0,no,no,meal,,cat:meal,0/0/no/no
extradelight:orange_juice,extradelight,drink,3,4,5,no,no,drink_simple,,cat:drink_simple>juice steps3:+1,4/5/no/no
extradelight:orangeade,extradelight,drink,1,3,4,no,no,drink_simple,,cat:drink_simple>juice,3/4/no/no
extradelight:oxtail_soup,extradelight,food,1,3,3,no,no,soup,,cat:soup,3/3/no/no
extradelight:pamonha,extradelight,food,1,0,0,no,no,meal,,cat:meal,0/0/no/no
extradelight:panforte_slice,extradelight,food,0,0,0,no,no,baked_sweet,,cat:baked_sweet,0/0/no/no
extradelight:pasta_alfredo,extradelight,food,2,0,0,no,no,meal,,cat:meal,0/0/no/no
extradelight:pasta_tomato,extradelight,food,2,0,0,no,no,meal,,cat:meal,0/0/no/no
extradelight:pavlova_slice,extradelight,food,0,0,0,no,no,baked_sweet,,cat:baked_sweet,0/0/no/no
extradelight:peanut_brittle,extradelight,food,1,0,0,no,no,sweet,,cat:sweet,0/0/no/no
extradelight:peanut_butter_bottle,extradelight,food,3,0,0,no,no,ingredient,,cat:ingredient,0/0/no/no
extradelight:peanut_butter_cup,extradelight,food,4,0,0,no,no,sweet,,cat:sweet,0/0/no/no
extradelight:peanut_butter_jelly,extradelight,food,2,0,0,no,no,sweet,,cat:sweet,0/0/no/no
extradelight:peanuts,extradelight,food,0,0,0,no,no,ingredient,,cat:ingredient,0/0/no/no
extradelight:peeled_ginger,extradelight,food,0,0,0,no,no,ingredient,,cat:ingredient,0/0/no/no
extradelight:penne_all_arrabbiata,extradelight,food,1,0,0,no,no,meal,,cat:meal,0/0/no/no
extradelight:peppermint_bark,extradelight,food,2,0,0,no,no,sweet,,cat:sweet,0/0/no/no
extradelight:pickle_juice,extradelight,drink,3,4,5,no,no,drink_simple,,cat:drink_simple>juice steps3:+1,4/5/no/no
extradelight:pickled_beet_item,extradelight,food,0,-2,-2,si,no,salty,,cat:salty salty:medium,-2/-2/si/no
extradelight:pickled_carrot_item,extradelight,food,0,-2,-2,si,no,salty,,cat:salty salty:medium,-2/-2/si/no
extradelight:pickled_egg_item,extradelight,food,0,-2,-2,si,no,salty,,cat:salty salty:medium,-2/-2/si/no
extradelight:pickled_fish_item,extradelight,food,0,-2,-2,si,no,salty,,cat:salty salty:medium,-2/-2/si/no
extradelight:pickled_ginger,extradelight,food,0,-2,-2,si,no,salty,,cat:salty salty:medium,-2/-2/si/no
extradelight:pickled_onion_item,extradelight,food,0,-2,-2,si,no,salty,,cat:salty salty:medium,-2/-2/si/no
extradelight:pickled_rind_item,extradelight,food,0,-2,-2,si,no,salty,,cat:salty salty:medium,-2/-2/si/no
extradelight:pickled_sausage_item,extradelight,food,0,-2,-2,si,no,salty,,cat:salty salty:medium,-2/-2/si/no
extradelight:popcorn,extradelight,food,0,-2,-2,si,no,salty,,cat:salty salty:medium,-2/-2/si/no
extradelight:pork_and_apples,extradelight,food,0,0,0,no,no,meal,,cat:meal,0/0/no/no
extradelight:pork_stew,extradelight,food,0,2,2,no,no,stew,,cat:stew,2/2/no/no
extradelight:pork_stew_rice,extradelight,food,0,2,2,no,no,stew,,cat:stew,2/2/no/no
extradelight:pork_tenderloin,extradelight,food,1,0,0,no,no,meat_raw,,cat:meat_raw,0/0/no/no
extradelight:pork_tenderloin_sandwich,extradelight,food,2,0,0,no,no,meal,,cat:meal,0/0/no/no
extradelight:potato_au_gratin,extradelight,food,0,0,0,no,no,meal,,cat:meal,0/0/no/no
extradelight:potato_chips,extradelight,food,1,-2,-2,si,no,salty,,cat:salty salty:medium,-2/-2/si/no
extradelight:potato_salad,extradelight,food,1,0,0,no,no,meal,,cat:meal,0/0/no/no
extradelight:potato_soup,extradelight,food,1,3,3,no,no,soup,,cat:soup,3/3/no/no
extradelight:potato_sticks,extradelight,food,0,0,0,no,no,meal,,cat:meal,0/0/no/no
extradelight:potroast,extradelight,food,0,0,0,no,no,meal,,cat:meal,0/0/no/no
extradelight:preserved_lemon_item,extradelight,food,0,-2,-2,si,no,salty,,cat:salty salty:medium,-2/-2/si/no
extradelight:preserved_lemon_pasta,extradelight,food,1,0,0,no,no,meal,,cat:meal,0/0/no/no
extradelight:pulled_pork_sandwich,extradelight,food,0,0,0,no,no,meal,,cat:meal,0/0/no/no
extradelight:pumpkin_cheesecake_slice,extradelight,food,0,0,0,no,no,baked_sweet,,cat:baked_sweet,0/0/no/no
extradelight:pumpkin_cookie,extradelight,food,2,0,0,no,no,baked_sweet,,cat:baked_sweet,0/0/no/no
extradelight:pumpkin_cookie_dough,extradelight,food,1,0,0,no,no,ingredient,,cat:ingredient,0/0/no/no
extradelight:pumpkin_custard,extradelight,food,1,1,1,no,no,sweet,,cat:sweet>moist_dessert,1/1/no/no
extradelight:pumpkin_ice_cream,extradelight,food,1,0,0,no,no,sweet,,cat:sweet,0/0/no/no
extradelight:pumpkin_milkshake,extradelight,drink,1,2,2,no,no,drink_crafted,,cat:drink_crafted>thick,2/2/no/no
extradelight:pumpkin_pie_slice,extradelight,food,0,0,0,no,no,baked_sweet,,cat:baked_sweet,0/0/no/no
extradelight:pumpkin_roll,extradelight,food,0,0,0,no,no,meal,,cat:meal,0/0/no/no
extradelight:punch,extradelight,drink,0,3,4,no,no,drink_crafted,,cat:drink_crafted>juice,3/4/no/no
extradelight:quiche_slice,extradelight,food,0,0,0,no,no,meal,,cat:meal,0/0/no/no
extradelight:rabbit_stew_rice,extradelight,food,0,2,2,no,no,stew,,cat:stew,2/2/no/no
extradelight:rack_lamb,extradelight,food,0,0,0,no,no,meat_raw,,cat:meat_raw,0/0/no/no
extradelight:raw_gingerbread_alex,extradelight,food,2,0,0,no,no,ingredient,,cat:ingredient,0/0/no/no
extradelight:raw_gingerbread_creeper,extradelight,food,2,0,0,no,no,ingredient,,cat:ingredient,0/0/no/no
extradelight:raw_gingerbread_diamond,extradelight,food,2,0,0,no,no,ingredient,,cat:ingredient,0/0/no/no
extradelight:raw_gingerbread_emerald,extradelight,food,2,0,0,no,no,ingredient,,cat:ingredient,0/0/no/no
extradelight:raw_gingerbread_pickaxe,extradelight,food,2,0,0,no,no,ingredient,,cat:ingredient,0/0/no/no
extradelight:raw_gingerbread_steve,extradelight,food,2,0,0,no,no,ingredient,,cat:ingredient,0/0/no/no
extradelight:raw_gingerbread_sword,extradelight,food,2,0,0,no,no,ingredient,,cat:ingredient,0/0/no/no
extradelight:raw_gingerbread_villager,extradelight,food,2,0,0,no,no,ingredient,,cat:ingredient,0/0/no/no
extradelight:raw_sugar_cookie_alex,extradelight,food,2,0,0,no,no,ingredient,,cat:ingredient,0/0/no/no
extradelight:raw_sugar_cookie_creeper,extradelight,food,2,0,0,no,no,ingredient,,cat:ingredient,0/0/no/no
extradelight:raw_sugar_cookie_diamond,extradelight,food,2,0,0,no,no,ingredient,,cat:ingredient,0/0/no/no
extradelight:raw_sugar_cookie_emerald,extradelight,food,2,0,0,no,no,ingredient,,cat:ingredient,0/0/no/no
extradelight:raw_sugar_cookie_pickaxe,extradelight,food,2,0,0,no,no,ingredient,,cat:ingredient,0/0/no/no
extradelight:raw_sugar_cookie_steve,extradelight,food,2,0,0,no,no,ingredient,,cat:ingredient,0/0/no/no
extradelight:raw_sugar_cookie_sword,extradelight,food,2,0,0,no,no,ingredient,,cat:ingredient,0/0/no/no
extradelight:raw_sugar_cookie_villager,extradelight,food,2,0,0,no,no,ingredient,,cat:ingredient,0/0/no/no
extradelight:rice_pudding,extradelight,food,1,1,1,no,no,sweet,,cat:sweet>moist_dessert,1/1/no/no
extradelight:riceball,extradelight,food,2,0,0,no,no,meal,,cat:meal,0/0/no/no
extradelight:riceball_filled,extradelight,food,1,0,0,no,no,meal,,cat:meal,0/0/no/no
extradelight:roasted_apple,extradelight,food,0,0,0,no,no,meal,,cat:meal,0/0/no/no
extradelight:roasted_carrot,extradelight,food,0,0,0,no,no,meal,,cat:meal,0/0/no/no
extradelight:roasted_cocoa_beans,extradelight,food,0,0,0,no,no,ingredient,,cat:ingredient,0/0/no/no
extradelight:roasted_garlic,extradelight,food,1,0,0,no,no,ingredient,,cat:ingredient,0/0/no/no
extradelight:roasted_hazelnuts,extradelight,food,0,0,0,no,no,ingredient,,cat:ingredient,0/0/no/no
extradelight:roasted_peanuts,extradelight,food,0,0,0,no,no,ingredient,,cat:ingredient,0/0/no/no
extradelight:roasted_pumpkin_seeds,extradelight,food,0,0,0,no,no,ingredient,,cat:ingredient,0/0/no/no
extradelight:rocky_road,extradelight,food,1,0,0,no,no,sweet,,cat:sweet,0/0/no/no
extradelight:roll,extradelight,food,2,0,0,no,no,meal,,cat:meal,0/0/no/no
extradelight:rombosse,extradelight,food,1,0,0,no,no,meal,,cat:meal,0/0/no/no
extradelight:salad,extradelight,food,0,0,0,no,no,meal,,cat:meal,0/0/no/no
extradelight:salami_item,extradelight,food,0,-2,-2,si,no,salty,,cat:salty salty:medium,-2/-2/si/no
extradelight:salami_mix,extradelight,food,1,-2,-2,si,no,salty,,cat:salty salty:medium efecto:hunger:crudo,-2/-2/si/no
extradelight:salisbury_steak,extradelight,food,0,0,0,no,no,meal,,cat:meal,0/0/no/no
extradelight:sauerkraut_and_sausage,extradelight,food,1,0,0,no,no,meal,,cat:meal,0/0/no/no
extradelight:sauerkraut_item,extradelight,food,0,-2,-2,si,no,salty,,cat:salty salty:medium,-2/-2/si/no
extradelight:sauerkraut_soup,extradelight,food,1,3,3,no,no,soup,,cat:soup,3/3/no/no
extradelight:sausage_roll,extradelight,food,1,0,0,no,no,meal,,cat:meal,0/0/no/no
extradelight:scotcharoo,extradelight,food,0,0,0,no,no,sweet,,cat:sweet,0/0/no/no
extradelight:scrambled_eggs,extradelight,food,2,0,0,no,no,meal,,cat:meal,0/0/no/no
extradelight:seaweed_crisps,extradelight,food,1,-2,-2,si,no,salty,,cat:salty salty:medium,-2/-2/si/no
extradelight:seaweed_salad,extradelight,food,1,0,0,no,no,meal,,cat:meal,0/0/no/no
extradelight:shirazi_salad,extradelight,food,1,0,0,no,no,meal,,cat:meal,0/0/no/no
extradelight:shredded_cabbage_item,extradelight,food,0,2,2,no,no,fresh_produce,,cat:fresh_produce>salad,2/2/no/no
extradelight:sliced_apple,extradelight,food,0,2,2,no,no,fresh_produce,,cat:fresh_produce>fruit,2/2/no/no
extradelight:sliced_beetroot_item,extradelight,food,0,1,1,no,no,fresh_produce,,cat:fresh_produce>crisp_veg,1/1/no/no
extradelight:sliced_chili,extradelight,food,0,0,0,no,no,ingredient,,cat:ingredient,0/0/no/no
extradelight:sliced_cucumber_item,extradelight,food,0,2,2,no,no,fresh_produce,,cat:fresh_produce>fruit,2/2/no/no
extradelight:sliced_gherkin_item,extradelight,food,0,-2,-2,si,no,salty,,cat:salty salty:medium,-2/-2/si/no
extradelight:sliced_ginger,extradelight,food,0,0,0,no,no,ingredient,,cat:ingredient,0/0/no/no
extradelight:sliced_grapefruit,extradelight,food,0,2,2,no,no,fresh_produce,,cat:fresh_produce>fruit,2/2/no/no
extradelight:sliced_lemon,extradelight,food,0,2,2,no,no,fresh_produce,,cat:fresh_produce>fruit,2/2/no/no
extradelight:sliced_lime,extradelight,food,0,2,2,no,no,fresh_produce,,cat:fresh_produce>fruit,2/2/no/no
extradelight:sliced_onion,extradelight,food,0,2,2,no,no,fresh_produce,,cat:fresh_produce,2/2/no/no
extradelight:sliced_orange,extradelight,food,0,2,2,no,no,fresh_produce,,cat:fresh_produce>fruit,2/2/no/no
extradelight:sliced_potato,extradelight,food,0,2,2,no,no,fresh_produce,,cat:fresh_produce,2/2/no/no
extradelight:sliced_tomato,extradelight,food,0,2,2,no,no,fresh_produce,,cat:fresh_produce>fruit,2/2/no/no
extradelight:smore,extradelight,food,1,0,0,no,no,sweet,,cat:sweet,0/0/no/no
extradelight:soaked_soybeans_item,extradelight,food,0,0,0,no,no,ingredient,,cat:ingredient,0/0/no/no
extradelight:sos,extradelight,food,1,0,0,no,no,meal,,cat:meal,0/0/no/no
extradelight:soy_glazed_salmon_item,extradelight,food,0,0,0,no,no,meal,,cat:meal,0/0/no/no
extradelight:soy_milk,extradelight,drink,0,3,3,no,no,drink_simple,,cat:drink_simple>milk,3/3/no/no
extradelight:soy_sauce_item,extradelight,food,0,0,0,no,no,ingredient,,cat:ingredient,0/0/no/no
extradelight:steak_pickled_onion_pie_slice,extradelight,food,0,0,0,no,no,meal,,cat:meal,0/0/no/no
extradelight:stewed_apples,extradelight,food,1,0,0,no,no,meal,,cat:meal,0/0/no/no
extradelight:sticky_toffee_pudding_slice,extradelight,food,0,1,1,no,no,sweet,,cat:sweet>moist_dessert,1/1/no/no
extradelight:stirfry,extradelight,food,0,0,0,no,no,meal,,cat:meal,0/0/no/no
extradelight:stuffed_apple,extradelight,food,0,0,0,no,no,meal,,cat:meal,0/0/no/no
extradelight:stuffed_apple_ice_cream,extradelight,food,0,0,0,no,no,sweet,,cat:sweet,0/0/no/no
extradelight:stuffed_cactus,extradelight,food,1,0,0,no,no,meal,,cat:meal,0/0/no/no
extradelight:stuffed_heart,extradelight,food,1,0,0,no,no,meal,,cat:meal,0/0/no/no
extradelight:stuffed_mushrooms,extradelight,food,1,0,0,no,no,meal,,cat:meal,0/0/no/no
extradelight:stuffing,extradelight,food,0,0,0,no,no,meal,,cat:meal,0/0/no/no
extradelight:sugar_cookie,extradelight,food,2,0,0,no,no,baked_sweet,,cat:baked_sweet,0/0/no/no
extradelight:sugar_cookie_alex,extradelight,food,3,0,0,no,no,baked_sweet,,cat:baked_sweet,0/0/no/no
extradelight:sugar_cookie_creeper,extradelight,food,3,0,0,no,no,baked_sweet,,cat:baked_sweet,0/0/no/no
extradelight:sugar_cookie_diamond,extradelight,food,3,0,0,no,no,baked_sweet,,cat:baked_sweet,0/0/no/no
extradelight:sugar_cookie_dough,extradelight,food,1,0,0,no,no,ingredient,,cat:ingredient,0/0/no/no
extradelight:sugar_cookie_emerald,extradelight,food,3,0,0,no,no,baked_sweet,,cat:baked_sweet,0/0/no/no
extradelight:sugar_cookie_pickaxe,extradelight,food,3,0,0,no,no,baked_sweet,,cat:baked_sweet,0/0/no/no
extradelight:sugar_cookie_steve,extradelight,food,3,0,0,no,no,baked_sweet,,cat:baked_sweet,0/0/no/no
extradelight:sugar_cookie_sword,extradelight,food,3,0,0,no,no,baked_sweet,,cat:baked_sweet,0/0/no/no
extradelight:sugar_cookie_villager,extradelight,food,3,0,0,no,no,baked_sweet,,cat:baked_sweet,0/0/no/no
extradelight:sunflower_seeds,extradelight,food,0,0,0,no,no,ingredient,,cat:ingredient,0/0/no/no
extradelight:sweet_berry_cookie_dough,extradelight,food,1,0,0,no,no,ingredient,,cat:ingredient,0/0/no/no
extradelight:sweet_berry_custard,extradelight,food,1,1,1,no,no,sweet,,cat:sweet>moist_dessert,1/1/no/no
extradelight:sweet_berry_ice_cream,extradelight,food,1,0,0,no,no,sweet,,cat:sweet,0/0/no/no
extradelight:sweet_berry_juice,extradelight,drink,1,3,4,no,no,drink_simple,,cat:drink_simple>juice,3/4/no/no
extradelight:sweet_berry_milkshake,extradelight,drink,1,2,2,no,no,drink_crafted,,cat:drink_crafted>thick,2/2/no/no
extradelight:sweet_berry_pie_slice,extradelight,food,0,0,0,no,no,baked_sweet,,cat:baked_sweet,0/0/no/no
extradelight:sweet_berry_popsicle,extradelight,food,0,3,3,no,no,sweet,,cat:sweet>frozen,3/3/no/no
extradelight:tarte_tatin_slice,extradelight,food,0,0,0,no,no,baked_sweet,,cat:baked_sweet,0/0/no/no
extradelight:tea,extradelight,drink,1,3,4,no,no,drink_simple,,cat:drink_simple>tea,3/4/no/no
extradelight:thai_melon_salad,extradelight,food,1,0,0,no,no,meal,,cat:meal,0/0/no/no
extradelight:toast,extradelight,food,1,0,0,no,no,dry,,cat:dry,0/0/no/no
extradelight:toffee,extradelight,food,1,0,0,no,no,sweet,,cat:sweet,0/0/no/no
extradelight:tomato_juice,extradelight,drink,1,3,4,no,no,drink_simple,,cat:drink_simple>juice,3/4/no/no
extradelight:tomato_soup,extradelight,food,1,3,3,no,no,soup,,cat:soup,3/3/no/no
extradelight:trail_mix,extradelight,food,1,0,0,no,no,dry,,cat:dry,0/0/no/no
extradelight:unripe_salami_item,extradelight,food,2,-2,-2,si,no,salty,,cat:salty salty:medium efecto:hunger:crudo,-2/-2/si/no
extradelight:whipped_cream,extradelight,food,3,0,0,no,no,sweet,,cat:sweet,0/0/no/no
extradelight:white_chili,extradelight,food,0,0,0,no,no,meal,,cat:meal,0/0/no/no
extradelight:white_chocolate_bar,extradelight,food,0,0,0,no,no,sweet,,cat:sweet,0/0/no/no
extradelight:white_chocolate_chips,extradelight,food,0,0,0,no,no,sweet,,cat:sweet,0/0/no/no
extradelight:white_chocolate_dipped_apple_slice,extradelight,food,0,0,0,no,no,sweet,,cat:sweet,0/0/no/no
extradelight:white_chocolate_dipped_bacon,extradelight,food,0,0,0,no,no,meal,,cat:meal,0/0/no/no
extradelight:white_chocolate_dipped_coffee_bean,extradelight,food,0,0,0,no,no,sweet,,cat:sweet,0/0/no/no
extradelight:white_chocolate_dipped_glow_berry,extradelight,food,0,0,0,no,no,sweet,,cat:sweet,0/0/no/no
extradelight:white_chocolate_dipped_graham_cracker,extradelight,food,0,0,0,no,no,sweet,,cat:sweet,0/0/no/no
extradelight:white_chocolate_dipped_marshmallow,extradelight,food,0,0,0,no,no,sweet,,cat:sweet,0/0/no/no
extradelight:white_chocolate_dipped_sweet_berry,extradelight,food,0,0,0,no,no,sweet,,cat:sweet,0/0/no/no
extradelight:white_chocolate_filled_bar,extradelight,food,1,0,0,no,no,sweet,,cat:sweet,0/0/no/no
extradelight:white_chocolate_syrup_bottle,extradelight,food,2,0,0,no,no,ingredient,,cat:ingredient,0/0/no/no
extradelight:white_chocolate_truffle,extradelight,food,1,0,0,no,no,sweet,,cat:sweet,0/0/no/no
extradelight:xocolati,extradelight,drink,1,2,3,no,no,drink_crafted,,cat:drink_crafted,2/3/no/no
extradelight:yeast_spread,extradelight,food,0,0,0,no,no,ingredient,,cat:ingredient efecto:hunger:crudo,0/0/no/no
extradelight:zupa_ogorkowa,extradelight,food,1,0,0,no,no,meal,,cat:meal,0/0/no/no
farm_and_charm:bacon,farm_and_charm,food,1,0,0,no,no,meat_raw,,cat:meat_raw,0/0/no/no
farm_and_charm:bacon_with_eggs,farm_and_charm,food,1,0,0,no,no,meat_cooked,,cat:meat_cooked,0/0/no/no
farm_and_charm:baked_lamb_ham,farm_and_charm,food,1,0,0,no,no,meat_cooked,,cat:meat_cooked,0/0/no/no
farm_and_charm:barley_patties_with_potatoes,farm_and_charm,food,1,0,0,no,no,meal,,cat:meal,0/0/no/no
farm_and_charm:barley_soup,farm_and_charm,food,1,3,3,no,no,soup,,cat:soup,3/3/no/no
farm_and_charm:beef_patty_with_vegetables,farm_and_charm,food,1,0,0,no,no,meat_cooked,,cat:meat_cooked,0/0/no/no
farm_and_charm:butter,farm_and_charm,food,4,0,0,no,no,ingredient,,cat:ingredient efecto:hunger:crudo,0/0/no/no
farm_and_charm:chicken_feed,farm_and_charm,food,1,0,0,no,no,ingredient,,cat:ingredient,0/0/no/no
farm_and_charm:chicken_parts,farm_and_charm,food,1,0,0,no,no,meat_raw,,cat:meat_raw efecto:hunger:crudo,0/0/no/no
farm_and_charm:chicken_wrapped_in_bacon,farm_and_charm,food,2,0,0,no,no,meat_cooked,,cat:meat_cooked,0/0/no/no
farm_and_charm:cooked_cod,farm_and_charm,food,1,0,0,no,no,seafood,,cat:seafood,0/0/no/no
farm_and_charm:cooked_salmon,farm_and_charm,food,1,0,0,no,no,seafood,,cat:seafood,0/0/no/no
farm_and_charm:corn,farm_and_charm,food,0,2,2,no,no,fresh_produce,,cat:fresh_produce,2/2/no/no
farm_and_charm:corn_grits,farm_and_charm,food,1,0,0,no,no,dry,,cat:dry,0/0/no/no
farm_and_charm:dough,farm_and_charm,food,1,0,0,no,no,ingredient,,cat:ingredient,0/0/no/no
farm_and_charm:farmer_salad,farm_and_charm,food,1,0,0,no,no,meal,,cat:meal,0/0/no/no
farm_and_charm:farmers_bread,farm_and_charm,food,1,0,0,no,no,dry,,cat:dry,0/0/no/no
farm_and_charm:farmers_breakfast,farm_and_charm,food,2,0,0,no,no,meal,,cat:meal,0/0/no/no
farm_and_charm:goulash,farm_and_charm,food,1,0,0,no,no,meat_cooked,,cat:meat_cooked,0/0/no/no
farm_and_charm:grandmothers_strawberry_cake,farm_and_charm,food,1,0,0,no,no,baked_sweet,,cat:baked_sweet,0/0/no/no
farm_and_charm:lamb_ham,farm_and_charm,food,1,0,0,no,no,meat_raw,,cat:meat_raw,0/0/no/no
farm_and_charm:lamb_with_corn,farm_and_charm,food,1,0,0,no,no,meat_cooked,,cat:meat_cooked,0/0/no/no
farm_and_charm:lettuce,farm_and_charm,food,0,2,2,no,no,fresh_produce,,cat:fresh_produce>salad,2/2/no/no
farm_and_charm:minced_beef,farm_and_charm,food,1,0,0,no,no,meat_raw,,cat:meat_raw,0/0/no/no
farm_and_charm:nettle_tea,farm_and_charm,drink,1,3,4,no,no,drink_simple,,cat:drink_simple>tea,3/4/no/no
farm_and_charm:nettle_tea_cup,farm_and_charm,drink,0,3,4,no,no,drink_simple,,cat:drink_simple>tea,3/4/no/no
farm_and_charm:oat_pancake,farm_and_charm,food,1,0,0,no,no,baked_sweet,,cat:baked_sweet,0/0/no/no
farm_and_charm:oatmeal_with_strawberries,farm_and_charm,food,1,0,0,no,no,dry,,cat:dry,0/0/no/no
farm_and_charm:onion,farm_and_charm,food,0,2,2,no,no,fresh_produce,,cat:fresh_produce,2/2/no/no
farm_and_charm:onion_soup,farm_and_charm,food,1,3,3,no,no,soup,,cat:soup,3/3/no/no
farm_and_charm:pasta_with_onion_sauce,farm_and_charm,food,1,0,0,no,no,meal,,cat:meal,0/0/no/no
farm_and_charm:potato_soup,farm_and_charm,food,0,3,3,no,no,soup,,cat:soup,3/3/no/no
farm_and_charm:potato_with_roast_meat,farm_and_charm,food,1,0,0,no,no,meat_cooked,,cat:meat_cooked,0/0/no/no
farm_and_charm:raw_pasta,farm_and_charm,food,2,0,0,no,no,ingredient,,cat:ingredient,0/0/no/no
farm_and_charm:ribwort_tea,farm_and_charm,drink,1,3,4,no,no,drink_simple,,cat:drink_simple>tea,3/4/no/no
farm_and_charm:ribwort_tea_cup,farm_and_charm,drink,0,3,4,no,no,drink_simple,,cat:drink_simple>tea,3/4/no/no
farm_and_charm:roasted_chicken,farm_and_charm,food,1,0,0,no,no,meat_cooked,,cat:meat_cooked,0/0/no/no
farm_and_charm:roasted_corn,farm_and_charm,food,1,0,0,no,no,meal,,cat:meal,0/0/no/no
farm_and_charm:rotten_tomato,farm_and_charm,food,0,-3,-3,si,no,rotten_or_poison,,cat:rotten_or_poison efecto:poison,-3/-3/si/no
farm_and_charm:sausage_with_oat_patty,farm_and_charm,food,1,0,0,no,no,meal,,cat:meal,0/0/no/no
farm_and_charm:simple_tomato_soup,farm_and_charm,food,1,3,3,no,no,soup,,cat:soup,3/3/no/no
farm_and_charm:strawberry,farm_and_charm,food,0,2,2,no,no,fresh_produce,,cat:fresh_produce>fruit,2/2/no/no
farm_and_charm:strawberry_tea,farm_and_charm,drink,1,3,4,no,no,drink_simple,,cat:drink_simple>tea,3/4/no/no
farm_and_charm:strawberry_tea_cup,farm_and_charm,drink,0,3,4,no,no,drink_simple,,cat:drink_simple>tea,3/4/no/no
farm_and_charm:stuffed_chicken,farm_and_charm,food,1,0,0,no,no,meat_cooked,,cat:meat_cooked,0/0/no/no
farm_and_charm:stuffed_rabbit,farm_and_charm,food,1,0,0,no,no,meal,,cat:meal,0/0/no/no
farm_and_charm:tomato,farm_and_charm,food,0,2,2,no,no,fresh_produce,,cat:fresh_produce>fruit,2/2/no/no
farmersdelight:apple_cider,farmersdelight,drink,1,3,4,no,no,drink_simple,antes: 8/13,cat:drink_simple>juice,3/4/no/no
farmersdelight:apple_pie_slice,farmersdelight,food,0,0,0,no,no,baked_sweet,,cat:baked_sweet,0/0/no/no
farmersdelight:bacon,farmersdelight,food,0,0,0,no,no,meat_raw,,cat:meat_raw,0/0/no/no
farmersdelight:bacon_and_eggs,farmersdelight,food,1,0,0,no,no,meal,,cat:meal,0/0/no/no
farmersdelight:bacon_sandwich,farmersdelight,food,1,0,0,no,no,meal,,cat:meal,0/0/no/no
farmersdelight:baked_cod_stew,farmersdelight,food,1,2,2,no,no,stew,antes: 4/5,cat:stew,2/2/no/no
farmersdelight:barbecue_stick,farmersdelight,food,1,0,0,no,no,meal,,cat:meal,0/0/no/no
farmersdelight:beef_patty,farmersdelight,food,1,0,0,no,no,meat_cooked,,cat:meat_cooked,0/0/no/no
farmersdelight:beef_stew,farmersdelight,food,1,2,2,no,no,stew,antes: 4/5,cat:stew,2/2/no/no
farmersdelight:bone_broth,farmersdelight,drink,1,3,3,no,no,soup,,cat:soup,3/3/no/no
farmersdelight:cabbage,farmersdelight,food,2,2,2,no,no,fresh_produce,,cat:fresh_produce>salad,2/2/no/no
farmersdelight:cabbage_leaf,farmersdelight,food,3,2,2,no,no,fresh_produce,antes: 1/2,cat:fresh_produce>salad,2/2/no/no
farmersdelight:cabbage_rolls,farmersdelight,food,1,0,0,no,no,meal,,cat:meal,0/0/no/no
farmersdelight:cake_slice,farmersdelight,food,0,0,0,no,no,baked_sweet,,cat:baked_sweet,0/0/no/no
farmersdelight:chicken_cuts,farmersdelight,food,0,0,0,no,no,meat_raw,,cat:meat_raw efecto:hunger:crudo,0/0/no/no
farmersdelight:chicken_sandwich,farmersdelight,food,1,0,0,no,no,meal,,cat:meal,0/0/no/no
farmersdelight:chicken_soup,farmersdelight,food,1,3,3,no,no,soup,antes: 4/5,cat:soup,3/3/no/no
farmersdelight:chocolate_pie_slice,farmersdelight,food,0,0,0,no,no,baked_sweet,,cat:baked_sweet,0/0/no/no
farmersdelight:cod_roll,farmersdelight,food,1,0,0,no,no,meal,,cat:meal,0/0/no/no
farmersdelight:cod_slice,farmersdelight,food,0,0,0,no,no,seafood,,cat:seafood,0/0/no/no
farmersdelight:cooked_bacon,farmersdelight,food,1,0,0,no,no,meat_cooked,,cat:meat_cooked,0/0/no/no
farmersdelight:cooked_chicken_cuts,farmersdelight,food,1,0,0,no,no,meat_cooked,,cat:meat_cooked,0/0/no/no
farmersdelight:cooked_cod_slice,farmersdelight,food,1,0,0,no,no,seafood,,cat:seafood,0/0/no/no
farmersdelight:cooked_mutton_chops,farmersdelight,food,1,0,0,no,no,meat_cooked,,cat:meat_cooked,0/0/no/no
farmersdelight:cooked_rice,farmersdelight,food,2,0,0,no,no,meal,,cat:meal,0/0/no/no
farmersdelight:cooked_salmon_slice,farmersdelight,food,1,0,0,no,no,seafood,,cat:seafood,0/0/no/no
farmersdelight:dog_food,farmersdelight,food,1,0,0,no,no,ingredient,,cat:ingredient,0/0/no/no
farmersdelight:dumplings,farmersdelight,food,1,0,0,no,no,meal,,cat:meal,0/0/no/no
farmersdelight:egg_sandwich,farmersdelight,food,1,0,0,no,no,meal,,cat:meal,0/0/no/no
farmersdelight:fish_stew,farmersdelight,food,1,2,2,no,no,stew,antes: 4/5,cat:stew,2/2/no/no
farmersdelight:fried_egg,farmersdelight,food,0,0,0,no,no,meal,,cat:meal,0/0/no/no
farmersdelight:fried_rice,farmersdelight,food,1,0,0,no,no,meal,,cat:meal,0/0/no/no
farmersdelight:fruit_salad,farmersdelight,food,1,0,0,no,no,sweet,antes: 6/8,cat:sweet,0/0/no/no
farmersdelight:gleaming_salad,farmersdelight,food,0,0,0,no,no,meal,,cat:meal,0/0/no/no
farmersdelight:glow_berry_custard,farmersdelight,food,1,1,1,no,no,sweet,,cat:sweet>moist_dessert,1/1/no/no
farmersdelight:grilled_salmon,farmersdelight,food,1,0,0,no,no,seafood,,cat:seafood,0/0/no/no
farmersdelight:ham,farmersdelight,food,0,-2,-2,si,no,salty,,cat:salty salty:medium,-2/-2/si/no
farmersdelight:hamburger,farmersdelight,food,1,0,0,no,no,meal,,cat:meal,0/0/no/no
farmersdelight:honey_cookie,farmersdelight,food,2,0,0,no,no,baked_sweet,,cat:baked_sweet,0/0/no/no
farmersdelight:honey_glazed_ham,farmersdelight,food,0,-2,-2,si,no,salty,,cat:salty salty:medium,-2/-2/si/no
farmersdelight:hot_cocoa,farmersdelight,drink,1,2,2,no,no,drink_crafted,,cat:drink_crafted>thick,2/2/no/no
farmersdelight:kelp_roll,farmersdelight,food,3,0,0,no,no,meal,,cat:meal,0/0/no/no
farmersdelight:kelp_roll_slice,farmersdelight,food,0,0,0,no,no,meal,,cat:meal,0/0/no/no
farmersdelight:melon_juice,farmersdelight,drink,1,3,4,no,no,drink_simple,antes: 8/13,cat:drink_simple>juice,3/4/no/no
farmersdelight:melon_popsicle,farmersdelight,food,0,3,3,no,no,sweet,antes: 7/9,cat:sweet>frozen,3/3/no/no
farmersdelight:milk_bottle,farmersdelight,drink,3,4,4,no,no,drink_simple,,cat:drink_simple>milk steps3:+1,4/4/no/no
farmersdelight:minced_beef,farmersdelight,food,0,0,0,no,no,meat_raw,,cat:meat_raw,0/0/no/no
farmersdelight:mixed_salad,farmersdelight,food,1,0,0,no,no,meal,antes: 4/5,cat:meal,0/0/no/no
farmersdelight:mushroom_rice,farmersdelight,food,1,0,0,no,no,meal,,cat:meal,0/0/no/no
farmersdelight:mutton_chops,farmersdelight,food,0,0,0,no,no,meat_raw,,cat:meat_raw,0/0/no/no
farmersdelight:mutton_wrap,farmersdelight,food,1,0,0,no,no,meal,,cat:meal,0/0/no/no
farmersdelight:nether_salad,farmersdelight,food,1,0,0,no,no,meal,,cat:meal,0/0/no/no
farmersdelight:noodle_soup,farmersdelight,food,1,3,3,no,no,soup,antes: 4/5,cat:soup,3/3/no/no
farmersdelight:onion,farmersdelight,food,0,2,2,no,no,fresh_produce,,cat:fresh_produce,2/2/no/no
farmersdelight:onion_soup,farmersdelight,food,1,3,3,no,no,soup,,cat:soup,3/3/no/no
farmersdelight:pasta_with_meatballs,farmersdelight,food,1,0,0,no,no,meal,,cat:meal,0/0/no/no
farmersdelight:pasta_with_mutton_chop,farmersdelight,food,1,0,0,no,no,meal,,cat:meal,0/0/no/no
farmersdelight:pie_crust,farmersdelight,food,1,0,0,no,no,ingredient,,cat:ingredient,0/0/no/no
farmersdelight:pumpkin_pie_slice,farmersdelight,food,0,0,0,no,no,baked_sweet,,cat:baked_sweet,0/0/no/no
farmersdelight:pumpkin_slice,farmersdelight,food,0,1,1,no,no,fresh_produce,antes: 2/1,cat:fresh_produce>crisp_veg,1/1/no/no
farmersdelight:pumpkin_soup,farmersdelight,food,1,3,3,no,no,soup,antes: 4/5,cat:soup,3/3/no/no
farmersdelight:ratatouille,farmersdelight,food,1,2,2,no,no,stew,,cat:stew,2/2/no/no
farmersdelight:raw_pasta,farmersdelight,food,2,0,0,no,no,ingredient,,cat:ingredient efecto:hunger:crudo,0/0/no/no
farmersdelight:roast_chicken,farmersdelight,food,0,0,0,no,no,meal,,cat:meal,0/0/no/no
farmersdelight:roasted_mutton_chops,farmersdelight,food,1,0,0,no,no,meat_cooked,,cat:meat_cooked,0/0/no/no
farmersdelight:salmon_roll,farmersdelight,food,1,0,0,no,no,meal,,cat:meal,0/0/no/no
farmersdelight:salmon_slice,farmersdelight,food,0,0,0,no,no,seafood,,cat:seafood,0/0/no/no
farmersdelight:shepherds_pie,farmersdelight,food,0,0,0,no,no,meal,,cat:meal,0/0/no/no
farmersdelight:smoked_ham,farmersdelight,food,1,-2,-2,si,no,salty,,cat:salty salty:medium,-2/-2/si/no
farmersdelight:squid_ink_pasta,farmersdelight,food,1,0,0,no,no,meal,,cat:meal,0/0/no/no
farmersdelight:steak_and_potatoes,farmersdelight,food,1,0,0,no,no,meal,,cat:meal,0/0/no/no
farmersdelight:stuffed_potato,farmersdelight,food,1,0,0,no,no,meal,,cat:meal,0/0/no/no
farmersdelight:stuffed_pumpkin,farmersdelight,food,0,0,0,no,no,meal,,cat:meal,0/0/no/no
farmersdelight:sweet_berry_cheesecake_slice,farmersdelight,food,0,0,0,no,no,baked_sweet,,cat:baked_sweet,0/0/no/no
farmersdelight:sweet_berry_cookie,farmersdelight,food,2,0,0,no,no,baked_sweet,,cat:baked_sweet,0/0/no/no
farmersdelight:tomato,farmersdelight,food,2,2,2,no,no,fresh_produce,,cat:fresh_produce>fruit,2/2/no/no
farmersdelight:tomato_sauce,farmersdelight,food,1,0,0,no,no,ingredient,antes: 4/5,cat:ingredient,0/0/no/no
farmersdelight:vegetable_noodles,farmersdelight,food,1,0,0,no,no,meal,,cat:meal,0/0/no/no
farmersdelight:vegetable_soup,farmersdelight,food,1,3,3,no,no,soup,antes: 4/5,cat:soup,3/3/no/no
farmersdelight:wheat_dough,farmersdelight,food,1,0,0,no,no,ingredient,,cat:ingredient efecto:hunger:crudo,0/0/no/no
herbalbrews:black_tea,herbalbrews,drink,1,3,4,no,no,drink_simple,,cat:drink_simple>tea,3/4/no/no
herbalbrews:coffee,herbalbrews,drink,2,3,3,no,no,drink_crafted,,cat:drink_crafted>coffee steps2:+1,3/3/no/no
herbalbrews:coffee_beans,herbalbrews,food,1,0,0,no,no,ingredient,,cat:ingredient,0/0/no/no
herbalbrews:dried_black_tea,herbalbrews,food,0,0,0,no,no,ingredient,,cat:ingredient,0/0/no/no
herbalbrews:dried_green_tea,herbalbrews,food,0,0,0,no,no,ingredient,,cat:ingredient,0/0/no/no
herbalbrews:dried_oolong_tea,herbalbrews,food,0,0,0,no,no,ingredient,,cat:ingredient,0/0/no/no
herbalbrews:flask,herbalbrews,drink,1,0,0,no,no,non_food,,cat:non_food,0/0/no/no
herbalbrews:green_tea,herbalbrews,drink,1,3,4,no,no,drink_simple,,cat:drink_simple>tea,3/4/no/no
herbalbrews:hibiscus_tea,herbalbrews,drink,1,3,4,no,no,drink_simple,,cat:drink_simple>tea,3/4/no/no
herbalbrews:lavender_tea,herbalbrews,drink,1,3,4,no,no,drink_simple,,cat:drink_simple>tea,3/4/no/no
herbalbrews:milk_coffee,herbalbrews,drink,3,4,4,no,no,drink_crafted,,cat:drink_crafted>milk steps3:+1,4/4/no/no
herbalbrews:oolong_tea,herbalbrews,drink,1,3,4,no,no,drink_simple,,cat:drink_simple>tea,3/4/no/no
herbalbrews:rooibos_leaf,herbalbrews,food,1,0,0,no,no,ingredient,,cat:ingredient,0/0/no/no
herbalbrews:rooibos_tea,herbalbrews,drink,2,4,5,no,no,drink_simple,,cat:drink_simple>tea steps2:+1,4/5/no/no
herbalbrews:tea_blossom,herbalbrews,food,0,0,0,no,no,ingredient,,cat:ingredient,0/0/no/no
herbalbrews:yerba_mate_leaf,herbalbrews,food,1,0,0,no,no,ingredient,,cat:ingredient,0/0/no/no
herbalbrews:yerba_mate_tea,herbalbrews,drink,2,4,5,no,no,drink_simple,,cat:drink_simple>tea steps2:+1,4/5/no/no
minecraft:apple,minecraft,food,0,2,2,no,no,fresh_produce,antes: 2/3,cat:fresh_produce>fruit,2/2/no/no
minecraft:baked_potato,minecraft,food,0,0,0,no,no,meal,,cat:meal,0/0/no/no
minecraft:beef,minecraft,food,0,0,0,no,no,meat_raw,,cat:meat_raw,0/0/no/no
minecraft:beetroot,minecraft,food,0,1,1,no,no,fresh_produce,antes: 1/2,cat:fresh_produce>crisp_veg,1/1/no/no
minecraft:beetroot_soup,minecraft,food,1,3,3,no,no,soup,antes: 5/7,cat:soup,3/3/no/no
minecraft:bread,minecraft,food,1,0,0,no,no,dry,,cat:dry,0/0/no/no
minecraft:carrot,minecraft,food,0,1,1,no,no,fresh_produce,antes: 1/2,cat:fresh_produce>crisp_veg,1/1/no/no
minecraft:chicken,minecraft,food,0,0,0,no,no,meat_raw,,cat:meat_raw efecto:hunger:crudo,0/0/no/no
minecraft:chorus_fruit,minecraft,food,0,2,2,no,no,fresh_produce,,cat:fresh_produce>fruit,2/2/no/no
minecraft:cod,minecraft,food,0,0,0,no,no,seafood,,cat:seafood,0/0/no/no
minecraft:cooked_beef,minecraft,food,1,0,0,no,no,meat_cooked,,cat:meat_cooked,0/0/no/no
minecraft:cooked_chicken,minecraft,food,1,0,0,no,no,meat_cooked,,cat:meat_cooked,0/0/no/no
minecraft:cooked_cod,minecraft,food,1,0,0,no,no,seafood,,cat:seafood,0/0/no/no
minecraft:cooked_mutton,minecraft,food,1,0,0,no,no,meat_cooked,,cat:meat_cooked,0/0/no/no
minecraft:cooked_porkchop,minecraft,food,1,0,0,no,no,meat_cooked,,cat:meat_cooked,0/0/no/no
minecraft:cooked_rabbit,minecraft,food,1,0,0,no,no,meat_cooked,,cat:meat_cooked,0/0/no/no
minecraft:cooked_salmon,minecraft,food,1,0,0,no,no,seafood,,cat:seafood,0/0/no/no
minecraft:cookie,minecraft,food,1,0,0,no,no,baked_sweet,,cat:baked_sweet,0/0/no/no
minecraft:dried_kelp,minecraft,food,1,0,0,no,no,dry,,cat:dry,0/0/no/no
minecraft:enchanted_golden_apple,minecraft,food,0,2,2,no,no,fresh_produce,antes: 2/3,cat:fresh_produce>fruit,2/2/no/no
minecraft:glow_berries,minecraft,food,0,2,2,no,no,fresh_produce,antes: 1/2,cat:fresh_produce>fruit,2/2/no/no
minecraft:golden_apple,minecraft,food,0,2,2,no,no,fresh_produce,antes: 2/3,cat:fresh_produce>fruit,2/2/no/no
minecraft:golden_carrot,minecraft,food,0,1,1,no,no,fresh_produce,antes: 1/2,cat:fresh_produce>crisp_veg,1/1/no/no
minecraft:honey_bottle,minecraft,drink,3,3,4,no,no,drink_crafted,,cat:drink_crafted steps3:+1,3/4/no/no
minecraft:lingering_potion,minecraft,drink,0,0,0,no,no,non_food,,cat:non_food,0/0/no/no
minecraft:melon_slice,minecraft,food,0,4,4,no,no,fresh_produce,antes: 4/5,cat:fresh_produce>melon,4/4/no/no
minecraft:milk_bucket,minecraft,drink,3,4,4,no,no,drink_simple,,cat:drink_simple>milk steps3:+1,4/4/no/no
minecraft:mushroom_stew,minecraft,food,1,2,2,no,no,stew,antes: 2/3,cat:stew,2/2/no/no
minecraft:mutton,minecraft,food,0,0,0,no,no,meat_raw,,cat:meat_raw,0/0/no/no
minecraft:ominous_bottle,minecraft,drink,0,0,0,no,no,non_food,,cat:non_food,0/0/no/no
minecraft:poisonous_potato,minecraft,food,0,-3,-3,si,no,rotten_or_poison,,cat:rotten_or_poison efecto:poison,-3/-3/si/no
minecraft:porkchop,minecraft,food,0,0,0,no,no,meat_raw,,cat:meat_raw,0/0/no/no
minecraft:potato,minecraft,food,0,2,2,no,no,fresh_produce,,cat:fresh_produce,2/2/no/no
minecraft:potion,minecraft,drink,0,4,5,no,no,water,,manual (fijo por el codigo o por Javier),manual
minecraft:pufferfish,minecraft,food,0,-3,-3,si,no,rotten_or_poison,,cat:rotten_or_poison efecto:poison efecto:hunger:crudo,-3/-3/si/no
minecraft:pumpkin_pie,minecraft,food,1,0,0,no,no,baked_sweet,,cat:baked_sweet,0/0/no/no
minecraft:rabbit,minecraft,food,0,0,0,no,no,meat_raw,,cat:meat_raw,0/0/no/no
minecraft:rabbit_stew,minecraft,food,1,2,2,no,no,stew,antes: 2/3,cat:stew,2/2/no/no
minecraft:rotten_flesh,minecraft,food,0,-3,-3,si,no,rotten_or_poison,,cat:rotten_or_poison efecto:hunger:podrido,-3/-3/si/no
minecraft:salmon,minecraft,food,0,0,0,no,no,seafood,,cat:seafood,0/0/no/no
minecraft:spider_eye,minecraft,food,0,-3,-3,si,no,rotten_or_poison,,cat:rotten_or_poison efecto:poison,-3/-3/si/no
minecraft:splash_potion,minecraft,drink,0,0,0,no,no,non_food,,cat:non_food,0/0/no/no
minecraft:suspicious_stew,minecraft,food,0,2,2,no,no,stew,,cat:stew,2/2/no/no
minecraft:sweet_berries,minecraft,food,0,2,2,no,no,fresh_produce,antes: 1/2,cat:fresh_produce>fruit,2/2/no/no
minecraft:tropical_fish,minecraft,food,0,0,0,no,no,seafood,,cat:seafood,0/0/no/no
minecraft:water_bucket,minecraft,drink,0,4,5,no,no,water,,manual (fijo por el codigo o por Javier),manual
oceansdelight:baked_tentacle_on_a_stick,oceansdelight,food,2,0,0,no,no,meal,,cat:meal,0/0/no/no
oceansdelight:bowl_of_guardian_soup,oceansdelight,food,0,3,3,no,no,soup,,cat:soup,3/3/no/no
oceansdelight:braised_sea_pickle,oceansdelight,food,1,-2,-2,si,no,salty,,cat:salty salty:medium,-2/-2/si/no
oceansdelight:cabbage_wrapped_elder_guardian,oceansdelight,food,1,0,0,no,no,meal,,cat:meal,0/0/no/no
oceansdelight:cooked_elder_guardian_slice,oceansdelight,food,1,0,0,no,no,seafood,,cat:seafood,0/0/no/no
oceansdelight:cooked_guardian_tail,oceansdelight,food,1,0,0,no,no,seafood,,cat:seafood,0/0/no/no
oceansdelight:cooked_stuffed_cod,oceansdelight,food,2,0,0,no,no,meal,,cat:meal,0/0/no/no
oceansdelight:cooked_stuffed_squid,oceansdelight,food,2,0,0,no,no,meal,,cat:meal,0/0/no/no
oceansdelight:cut_tentacles,oceansdelight,food,0,0,0,no,no,seafood,,cat:seafood,0/0/no/no
oceansdelight:elder_guardian_roll,oceansdelight,food,1,0,0,no,no,meal,,cat:meal,0/0/no/no
oceansdelight:elder_guardian_slab,oceansdelight,food,0,0,0,no,no,seafood,,cat:seafood,0/0/no/no
oceansdelight:elder_guardian_slice,oceansdelight,food,0,0,0,no,no,seafood,,cat:seafood,0/0/no/no
oceansdelight:fugu_roll,oceansdelight,food,1,0,0,no,no,meal,,cat:meal,0/0/no/no
oceansdelight:fugu_slice,oceansdelight,food,0,0,0,no,no,seafood,,cat:seafood,0/0/no/no
oceansdelight:guardian_tail,oceansdelight,food,0,0,0,no,no,seafood,,cat:seafood,0/0/no/no
oceansdelight:honey_fried_kelp,oceansdelight,food,2,0,0,no,no,meal,,cat:meal,0/0/no/no
oceansdelight:kelp_encrusted_cod,oceansdelight,food,1,0,0,no,no,meal,,cat:meal,0/0/no/no
oceansdelight:seagrass_salad,oceansdelight,food,1,0,0,no,no,meal,,cat:meal,0/0/no/no
oceansdelight:squid_rings,oceansdelight,food,1,0,0,no,no,seafood,,cat:seafood,0/0/no/no
oceansdelight:stuffed_cod,oceansdelight,food,1,0,0,no,no,meal,,cat:meal,0/0/no/no
oceansdelight:stuffed_squid,oceansdelight,food,1,0,0,no,no,meal,,cat:meal,0/0/no/no
oceansdelight:tentacle_on_a_stick,oceansdelight,food,1,0,0,no,no,seafood,,cat:seafood,0/0/no/no
oceansdelight:tentacles,oceansdelight,food,0,0,0,no,no,seafood,,cat:seafood,0/0/no/no
supernatural:blood_bottle,supernatural,drink,0,0,0,no,no,non_food,antes: 9/12,cat:non_food,0/0/no/no
